circuit_type,size,variant,solver,backend,status,time_median,time_mean,time_std,time_min,time_max,num_runs
and_tree,8,base,gecode,minizinc,SAT,0.17415165901184082,0.17129095395406088,0.00921672456586113,0.16098308563232422,0.17873811721801758,3
and_tree,8,base,chuffed,minizinc,SAT,0.15399718284606934,0.1562328338623047,0.0064786220151550585,0.1511681079864502,0.16353321075439453,3
and_tree,8,base,z3,smt,SAT,0.012087821960449219,0.012117942174275717,0.0007487312307849605,0.011384725570678711,0.012881278991699219,3
and_tree,8,base,cvc5,smt,SAT,0.007727622985839844,0.007616281509399414,0.0015970992928383602,0.0059664249420166016,0.009154796600341797,3
and_tree,8,sbc,gecode,minizinc,SAT,0.15134739875793457,0.1509526570638021,0.0008348312369090735,0.1499936580657959,0.15151691436767578,3
and_tree,8,sbc,chuffed,minizinc,SAT,0.15843462944030762,0.16570679346720377,0.016696772902440593,0.15387940406799316,0.18480634689331055,3
and_tree,8,sbc,z3,smt,SAT,0.014221668243408203,0.014049688975016275,0.0004086258895180515,0.013583183288574219,0.014344215393066406,3
and_tree,8,sbc,cvc5,smt,SAT,0.007648468017578125,0.007280111312866211,0.0007221790853412525,0.006448030471801758,0.00774383544921875,3
and_tree,8,sbc_half,gecode,minizinc,SAT,0.16257810592651367,0.16808557510375977,0.010692392931487401,0.1612696647644043,0.18040895462036133,3
and_tree,8,sbc_half,chuffed,minizinc,SAT,0.15418696403503418,0.15479024251302084,0.009664957834355307,0.14544105529785156,0.16474270820617676,3
and_tree,8,sbc_half,z3,smt,SAT,0.013961315155029297,0.013912598292032877,0.0005745900781967574,0.013315200805664062,0.014461278915405273,3
and_tree,8,sbc_half,cvc5,smt,SAT,0.007639884948730469,0.007010459899902344,0.001260929147372992,0.00555872917175293,0.007832765579223633,3
and_tree,16,base,gecode,minizinc,SAT,0.1687777042388916,0.17063609759012857,0.004289259554897855,0.16758942604064941,0.17554116249084473,3
and_tree,16,base,chuffed,minizinc,SAT,0.15564465522766113,0.16310683886210123,0.013719918363638098,0.15473532676696777,0.1789405345916748,3
and_tree,16,base,z3,smt,SAT,0.015123367309570312,0.014641602834065756,0.00160766382153029,0.012848138809204102,0.01595330238342285,3
and_tree,16,base,cvc5,smt,SAT,0.008655548095703125,0.008869250615437826,0.0007232425271937135,0.008276939392089844,0.009675264358520508,3
and_tree,16,sbc,gecode,minizinc,SAT,0.15620112419128418,0.15653491020202637,0.003026018862522078,0.15368962287902832,0.1597139835357666,3
and_tree,16,sbc,chuffed,minizinc,SAT,0.15459704399108887,0.15592002868652344,0.002567782851383107,0.1542835235595703,0.15887951850891113,3
and_tree,16,sbc,z3,smt,SAT,0.013596296310424805,0.013353109359741211,0.0008472305435863053,0.012410879135131836,0.014052152633666992,3
and_tree,16,sbc,cvc5,smt,SAT,0.009026050567626953,0.009135007858276367,0.0005993486009126919,0.008597612380981445,0.009781360626220703,3
and_tree,16,sbc_half,gecode,minizinc,SAT,0.164412260055542,0.16169095039367676,0.006154218439205741,0.15464520454406738,0.1660153865814209,3
and_tree,16,sbc_half,chuffed,minizinc,SAT,0.1508629322052002,0.1526020367940267,0.004043327856899195,0.14971923828125,0.15722393989562988,3
and_tree,16,sbc_half,z3,smt,SAT,0.013622283935546875,0.014123280843098959,0.0014873343314923888,0.012951135635375977,0.015796422958374023,3
and_tree,16,sbc_half,cvc5,smt,SAT,0.007082462310791016,0.007326285044352214,0.00045216096621926417,0.007048368453979492,0.007848024368286133,3
and_tree,32,base,gecode,minizinc,SAT,0.1584463119506836,0.15579533576965332,0.00683792366015001,0.14802885055541992,0.16091084480285645,3
and_tree,32,base,chuffed,minizinc,SAT,0.15181517601013184,0.1543578306833903,0.009084300065506803,0.14681577682495117,0.1644425392150879,3
and_tree,32,base,z3,smt,SAT,0.01737689971923828,0.01704827944437663,0.000785659377844013,0.01615166664123535,0.01761627197265625,3
and_tree,32,base,cvc5,smt,SAT,0.01576709747314453,0.01602307955423991,0.0021893256507631615,0.013972997665405273,0.018329143524169922,3
and_tree,32,sbc,gecode,minizinc,SAT,0.1725749969482422,0.18389240900675455,0.022013765581187058,0.16983962059020996,0.20926260948181152,3
and_tree,32,sbc,chuffed,minizinc,SAT,0.17009544372558594,0.1644585927327474,0.014794212957812136,0.147674560546875,0.17560577392578125,3
and_tree,32,sbc,z3,smt,SAT,0.012981653213500977,0.013402700424194336,0.0009060692753010504,0.01278376579284668,0.014442682266235352,3
and_tree,32,sbc,cvc5,smt,SAT,0.014815807342529297,0.014164606730143229,0.0013002565990621975,0.012667417526245117,0.015010595321655273,3
and_tree,32,sbc_half,gecode,minizinc,SAT,0.16701221466064453,0.18021400769551596,0.02297962510633738,0.16688132286071777,0.20674848556518555,3
and_tree,32,sbc_half,chuffed,minizinc,SAT,0.17019963264465332,0.17002344131469727,0.005261845922233584,0.16467571258544922,0.17519497871398926,3
and_tree,32,sbc_half,z3,smt,SAT,0.015587091445922852,0.015413522720336914,0.00046147318697742866,0.014890432357788086,0.015763044357299805,3
and_tree,32,sbc_half,cvc5,smt,SAT,0.012580633163452148,0.012529293696085611,0.0006478801635421587,0.011857271194458008,0.01314997673034668,3
and_tree,64,base,gecode,minizinc,SAT,0.18129777908325195,0.18100102742513022,0.01935843355089277,0.16149592399597168,0.200209379196167,3
and_tree,64,base,chuffed,minizinc,SAT,0.15703868865966797,0.15837295850118002,0.005954566470923755,0.1531987190246582,0.16488146781921387,3
and_tree,64,base,z3,smt,SAT,0.014760494232177734,0.016197919845581055,0.0025533447830418683,0.014687299728393555,0.019145965576171875,3
and_tree,64,base,cvc5,smt,SAT,0.035666465759277344,0.03414440155029297,0.012896605237457736,0.020554304122924805,0.04621243476867676,3
and_tree,64,sbc,gecode,minizinc,SAT,0.16943621635437012,0.1712355613708496,0.009280476995760603,0.16298651695251465,0.18128395080566406,3
and_tree,64,sbc,chuffed,minizinc,SAT,0.163132905960083,0.16179545720418295,0.011039984393129499,0.1501476764678955,0.1721057891845703,3
and_tree,64,sbc,z3,smt,SAT,0.014254331588745117,0.014753182729085287,0.0009163497771458363,0.014194488525390625,0.015810728073120117,3
and_tree,64,sbc,cvc5,smt,SAT,0.022774457931518555,0.02273257573445638,0.0008148878593294282,0.021897554397583008,0.023525714874267578,3
and_tree,64,sbc_half,gecode,minizinc,SAT,0.17320752143859863,0.17053929964701334,0.007334840776755009,0.16224384307861328,0.17616653442382812,3
and_tree,64,sbc_half,chuffed,minizinc,SAT,0.15476465225219727,0.15288368860880533,0.006633274857932029,0.14551305770874023,0.15837335586547852,3
and_tree,64,sbc_half,z3,smt,SAT,0.014962911605834961,0.014996767044067383,0.0005512887180551326,0.014463186264038086,0.015564203262329102,3
and_tree,64,sbc_half,cvc5,smt,SAT,0.014966964721679688,0.01519338289896647,0.0008445494948010882,0.01448512077331543,0.016128063201904297,3
and_tree,128,base,gecode,minizinc,SAT,0.174729585647583,0.1730663776397705,0.008323127787443428,0.16403722763061523,0.18043231964111328,3
and_tree,128,base,chuffed,minizinc,SAT,0.1709270477294922,0.1732172966003418,0.014685716407917628,0.15981125831604004,0.18891358375549316,3
and_tree,128,base,z3,smt,SAT,0.01817941665649414,0.01794743537902832,0.0014696990118326203,0.01637554168701172,0.0192873477935791,3
and_tree,128,base,cvc5,smt,SAT,0.0412602424621582,0.04131197929382324,0.0011675613420776085,0.040171146392822266,0.04250454902648926,3
and_tree,128,sbc,gecode,minizinc,SAT,0.17380762100219727,0.17331798871358237,0.003307575391129875,0.16979289054870605,0.17635345458984375,3
and_tree,128,sbc,chuffed,minizinc,SAT,0.15999269485473633,0.1579725742340088,0.011305260873741252,0.14579343795776367,0.16813158988952637,3
and_tree,128,sbc,z3,smt,SAT,0.019465923309326172,0.019655783971150715,0.0008770755678068853,0.018889188766479492,0.020612239837646484,3
and_tree,128,sbc,cvc5,smt,SAT,0.043178558349609375,0.04481919606526693,0.005777181443318496,0.040039777755737305,0.0512392520904541,3
and_tree,128,sbc_half,gecode,minizinc,SAT,0.16527104377746582,0.16698455810546875,0.007462405079989238,0.16052794456481934,0.1751546859741211,3
and_tree,128,sbc_half,chuffed,minizinc,SAT,0.15018630027770996,0.1519481341044108,0.0047778659137047794,0.148301362991333,0.15735673904418945,3
and_tree,128,sbc_half,z3,smt,SAT,0.019305944442749023,0.018374125162760418,0.0016652183869072699,0.016451597213745117,0.01936483383178711,3
and_tree,128,sbc_half,cvc5,smt,SAT,0.02596902847290039,0.026343822479248047,0.0014710583214564707,0.025096416473388672,0.027966022491455078,3
and_tree,256,base,gecode,minizinc,SAT,0.16881394386291504,0.17283415794372559,0.007394950240396686,0.1683201789855957,0.18136835098266602,3
and_tree,256,base,chuffed,minizinc,SAT,0.16846489906311035,0.16925048828125,0.012931255748588208,0.15672993659973145,0.1825566291809082,3
and_tree,256,base,z3,smt,SAT,0.022977590560913086,0.023180405298868816,0.0012233640247452996,0.022071123123168945,0.024492502212524414,3
and_tree,256,base,cvc5,smt,SAT,0.08578944206237793,0.08872739473978679,0.006803646023730794,0.08388638496398926,0.09650635719299316,3
and_tree,256,sbc,gecode,minizinc,SAT,0.1726386547088623,0.17029349009195963,0.004362860075308279,0.16525959968566895,0.17298221588134766,3
and_tree,256,sbc,chuffed,minizinc,SAT,0.17021918296813965,0.16904234886169434,0.002251164245487853,0.16644668579101562,0.17046117782592773,3
and_tree,256,sbc,z3,smt,SAT,0.027692556381225586,0.026221036911010742,0.0028884149806834166,0.022893190383911133,0.028077363967895508,3
and_tree,256,sbc,cvc5,smt,SAT,0.08501935005187988,0.08888657887776692,0.00791629290431542,0.08364725112915039,0.09799313545227051,3
and_tree,256,sbc_half,gecode,minizinc,SAT,0.17167878150939941,0.1738595962524414,0.005640308789396205,0.16963529586791992,0.18026471138000488,3
and_tree,256,sbc_half,chuffed,minizinc,SAT,0.17156291007995605,0.1682603359222412,0.008153012421590165,0.15897417068481445,0.17424392700195312,3
and_tree,256,sbc_half,z3,smt,SAT,0.025066852569580078,0.02353556950887044,0.0028633338946383578,0.020232200622558594,0.025307655334472656,3
and_tree,256,sbc_half,cvc5,smt,SAT,0.06094789505004883,0.05913988749186198,0.005191102835849399,0.05328655242919922,0.06318521499633789,3
and_tree,512,base,gecode,minizinc,SAT,0.18745183944702148,0.1890686353047689,0.0030933064697525547,0.1871187686920166,0.19263529777526855,3
and_tree,512,base,chuffed,minizinc,SAT,0.18481731414794922,0.18190765380859375,0.007128771778509811,0.1737842559814453,0.18712139129638672,3
and_tree,512,base,z3,smt,SAT,0.031289100646972656,0.031928062438964844,0.001302813210482206,0.031068086624145508,0.03342700004577637,3
and_tree,512,base,cvc5,smt,SAT,0.1985163688659668,0.19794964790344238,0.00959567525828885,0.18808317184448242,0.20724940299987793,3
and_tree,512,sbc,gecode,minizinc,SAT,0.19149398803710938,0.18994553883870444,0.00839310448240634,0.18088603019714355,0.19745659828186035,3
and_tree,512,sbc,chuffed,minizinc,SAT,0.1790616512298584,0.1812895139058431,0.003987471841545812,0.17891383171081543,0.18589305877685547,3
and_tree,512,sbc,z3,smt,SAT,0.03496122360229492,0.03588604927062988,0.001693087081716592,0.03485679626464844,0.03784012794494629,3
and_tree,512,sbc,cvc5,smt,SAT,0.22512316703796387,0.24673827489217123,0.06316035815996546,0.19722318649291992,0.3178684711456299,3
and_tree,512,sbc_half,gecode,minizinc,SAT,0.2156529426574707,0.20897428194681802,0.011669720602603337,0.19549942016601562,0.21577048301696777,3
and_tree,512,sbc_half,chuffed,minizinc,SAT,0.20166349411010742,0.19399762153625488,0.01569566134415339,0.17594218254089355,0.20438718795776367,3
and_tree,512,sbc_half,z3,smt,SAT,0.03066730499267578,0.03003533681233724,0.0018183391845170646,0.027985334396362305,0.03145337104797363,3
and_tree,512,sbc_half,cvc5,smt,SAT,0.14504337310791016,0.14611180623372397,0.033483417953258626,0.1131753921508789,0.1801166534423828,3
and_tree,1024,base,gecode,minizinc,SAT,0.22050213813781738,0.23719255129496256,0.02985283114652323,0.21941757202148438,0.27165794372558594,3
and_tree,1024,base,chuffed,minizinc,SAT,0.2156224250793457,0.2181549072265625,0.005919236472655068,0.21392321586608887,0.22491908073425293,3
and_tree,1024,base,z3,smt,SAT,0.06097292900085449,0.062055508295694985,0.0037804463768643408,0.05893445014953613,0.06625914573669434,3
and_tree,1024,base,cvc5,smt,SAT,0.6501224040985107,0.6804843743642172,0.062333277693674013,0.6391494274139404,0.7521812915802002,3
and_tree,1024,sbc,gecode,minizinc,SAT,0.2412734031677246,0.23258503278096518,0.01581776398721565,0.21432733535766602,0.24215435981750488,3
and_tree,1024,sbc,chuffed,minizinc,SAT,0.22141385078430176,0.2338071664174398,0.030008741643406674,0.21198010444641113,0.26802754402160645,3
and_tree,1024,sbc,z3,smt,SAT,0.05478215217590332,0.054657300313313804,0.0012016166375355053,0.05339813232421875,0.055791616439819336,3
and_tree,1024,sbc,cvc5,smt,SAT,0.6445369720458984,0.6302355925242106,0.05122729567956589,0.5733773708343506,0.6727924346923828,3
and_tree,1024,sbc_half,gecode,minizinc,SAT,0.20349836349487305,0.20325597127278647,0.0013058733039167608,0.20184588432312012,0.2044236660003662,3
and_tree,1024,sbc_half,chuffed,minizinc,SAT,0.19966936111450195,0.19973381360371908,0.00171811674359438,0.19804883003234863,0.20148324966430664,3
and_tree,1024,sbc_half,z3,smt,SAT,0.047273874282836914,0.048221985499064125,0.0030370643943669093,0.04577207565307617,0.0516200065612793,3
and_tree,1024,sbc_half,cvc5,smt,SAT,0.25830507278442383,0.271373192469279,0.033030821163476255,0.24687576293945312,0.30893874168395996,3
and_tree,2048,base,gecode,minizinc,SAT,0.2815675735473633,0.28345561027526855,0.0040559976724884395,0.2806878089904785,0.28811144828796387,3
and_tree,2048,base,chuffed,minizinc,SAT,0.29594945907592773,0.29707813262939453,0.01561247450444431,0.2820606231689453,0.31322431564331055,3
and_tree,2048,base,z3,smt,SAT,0.09392189979553223,0.09497340520222981,0.0030164243589806115,0.09262347221374512,0.09837484359741211,3
and_tree,2048,base,cvc5,smt,SAT,1.8254685401916504,1.8479373455047607,0.07802828611644641,1.7836086750030518,1.93473482131958,3
and_tree,2048,sbc,gecode,minizinc,SAT,0.2785027027130127,0.2794325351715088,0.0016407549497207494,0.27846789360046387,0.2813270092010498,3
and_tree,2048,sbc,chuffed,minizinc,SAT,0.3114478588104248,0.30214913686116535,0.017443789400089973,0.2820260524749756,0.3129734992980957,3
and_tree,2048,sbc,z3,smt,SAT,0.10378050804138184,0.1024160385131836,0.002647397357979989,0.0993647575378418,0.10410284996032715,3
and_tree,2048,sbc,cvc5,smt,SAT,1.8483269214630127,1.9046451250712078,0.10490278127848311,1.8399291038513184,2.025679349899292,3
and_tree,2048,sbc_half,gecode,minizinc,SAT,0.2570512294769287,0.2668139934539795,0.020958476892874476,0.2525179386138916,0.29087281227111816,3
and_tree,2048,sbc_half,chuffed,minizinc,SAT,0.2704310417175293,0.27138225237528485,0.003032169211448427,0.268939733505249,0.27477598190307617,3
and_tree,2048,sbc_half,z3,smt,SAT,0.0892791748046875,0.08890501658121745,0.0026252736718653013,0.08611273765563965,0.0913231372833252,3
and_tree,2048,sbc_half,cvc5,smt,SAT,0.8094761371612549,0.8055301507314047,0.05300272639527163,0.7506647109985352,0.8564496040344238,3
and_tree,4096,base,gecode,minizinc,SAT,0.43681955337524414,0.4697755177815755,0.05872991514651322,0.434924840927124,0.5375821590423584,3
and_tree,4096,base,chuffed,minizinc,SAT,0.4908733367919922,0.4903298219045003,0.030312259027115523,0.4597494602203369,0.5203666687011719,3
and_tree,4096,base,z3,smt,SAT,0.18869471549987793,0.20737497011820474,0.03624020792021213,0.18428611755371094,0.2491440773010254,3
and_tree,4096,base,cvc5,smt,SAT,4.837394714355469,4.904805501302083,0.17915658468003273,4.769132852554321,5.10788893699646,3
and_tree,4096,sbc,gecode,minizinc,SAT,0.47468996047973633,0.47063008944193524,0.020599911868402022,0.4483025074005127,0.48889780044555664,3
and_tree,4096,sbc,chuffed,minizinc,SAT,0.44563889503479004,0.4501923720041911,0.00957557432590422,0.4437432289123535,0.4611949920654297,3
and_tree,4096,sbc,z3,smt,SAT,0.21462726593017578,0.21117965380350748,0.011497242808044447,0.19835305213928223,0.22055864334106445,3
and_tree,4096,sbc,cvc5,smt,SAT,4.907854318618774,4.921786308288574,0.02675914705243622,4.904867649078369,4.952636957168579,3
and_tree,4096,sbc_half,gecode,minizinc,SAT,0.36594676971435547,0.3625275293986003,0.007119731402288067,0.3543431758880615,0.3672926425933838,3
and_tree,4096,sbc_half,chuffed,minizinc,SAT,0.379011869430542,0.3925151824951172,0.027016876855133803,0.3749120235443115,0.42362165451049805,3
and_tree,4096,sbc_half,z3,smt,SAT,0.20162200927734375,0.19448510805765787,0.021849761301269453,0.16995930671691895,0.21187400817871094,3
and_tree,4096,sbc_half,cvc5,smt,SAT,2.355123281478882,2.3542402585347495,0.04358378440537815,2.3102216720581055,2.3973758220672607,3
comparator,4,base,gecode,minizinc,SAT,0.16082310676574707,0.15844480196634927,0.00853306150086276,0.14897489547729492,0.16553640365600586,3
comparator,4,base,chuffed,minizinc,SAT,0.15480780601501465,0.15513006846110025,0.002733330169248269,0.1525721549987793,0.15801024436950684,3
comparator,4,base,z3,smt,SAT,0.020653963088989258,0.020055214564005535,0.0010698519719172248,0.01882004737854004,0.020691633224487305,3
comparator,4,base,cvc5,smt,SAT,0.012961149215698242,0.013231992721557617,0.0004840571257902893,0.01294398307800293,0.01379084587097168,3
comparator,4,sbc,gecode,minizinc,SAT,0.15305280685424805,0.15113226572672525,0.004855198235331654,0.14561057090759277,0.15473341941833496,3
comparator,4,sbc,chuffed,minizinc,SAT,0.18479704856872559,0.17772936820983887,0.024626316611209027,0.15034198760986328,0.19804906845092773,3
comparator,4,sbc,z3,smt,SAT,0.02060532569885254,0.020686626434326172,0.0010234523172508966,0.019706249237060547,0.02174830436706543,3
comparator,4,sbc,cvc5,smt,SAT,0.012056112289428711,0.011972347895304361,0.0005210126429386017,0.011414527893066406,0.012446403503417969,3
comparator,4,sbc_half,gecode,minizinc,SAT,0.15753531455993652,0.15944568316141763,0.004239964556513801,0.15649700164794922,0.1643047332763672,3
comparator,4,sbc_half,chuffed,minizinc,SAT,0.14983177185058594,0.15204119682312012,0.006188931404403221,0.14726018905639648,0.15903162956237793,3
comparator,4,sbc_half,z3,smt,SAT,0.017472267150878906,0.018707990646362305,0.002307066259912574,0.01728200912475586,0.02136969566345215,3
comparator,4,sbc_half,cvc5,smt,SAT,0.011430740356445312,0.011206388473510742,0.001312058772386285,0.009796619415283203,0.012391805648803711,3
comparator,8,base,gecode,minizinc,SAT,0.16852021217346191,0.16477648417154947,0.014946732182268038,0.1483137607574463,0.17749547958374023,3
comparator,8,base,chuffed,minizinc,SAT,0.1567094326019287,0.15707683563232422,0.0015690875540134348,0.15572404861450195,0.158797025680542,3
comparator,8,base,z3,smt,SAT,0.021001815795898438,0.021203994750976562,0.0006022708616334587,0.02072882652282715,0.0218813419342041,3
comparator,8,base,cvc5,smt,SAT,0.023407459259033203,0.02280712127685547,0.0034674200456292826,0.019078731536865234,0.02593517303466797,3
comparator,8,sbc,gecode,minizinc,SAT,0.16080141067504883,0.16038171450297037,0.0010182508429746218,0.15922069549560547,0.16112303733825684,3
comparator,8,sbc,chuffed,minizinc,SAT,0.15139079093933105,0.1526960531870524,0.0027841999147920128,0.1508042812347412,0.15589308738708496,3
comparator,8,sbc,z3,smt,SAT,0.01993727684020996,0.019884506861368816,0.0004600392182071588,0.019400358200073242,0.020315885543823242,3
comparator,8,sbc,cvc5,smt,SAT,0.01916050910949707,0.019922812779744465,0.001530396329752502,0.018923282623291016,0.021684646606445312,3
comparator,8,sbc_half,gecode,minizinc,SAT,0.15114474296569824,0.15709424018859863,0.011087500285346937,0.1502513885498047,0.16988658905029297,3
comparator,8,sbc_half,chuffed,minizinc,SAT,0.1554853916168213,0.1565070947011312,0.0025755175844915054,0.15459918975830078,0.15943670272827148,3
comparator,8,sbc_half,z3,smt,SAT,0.01883697509765625,0.02156527837117513,0.004812125083208666,0.018737316131591797,0.027121543884277344,3
comparator,8,sbc_half,cvc5,smt,SAT,0.016627788543701172,0.016499678293863933,0.0010864312251132981,0.01535487174987793,0.017516374588012695,3
comparator,12,base,gecode,minizinc,SAT,0.1609647274017334,0.1631046930948893,0.0057800859926698455,0.15869975090026855,0.16964960098266602,3
comparator,12,base,chuffed,minizinc,SAT,0.1588573455810547,0.15886958440144858,0.002398991157364649,0.15647673606872559,0.16127467155456543,3
comparator,12,base,z3,smt,SAT,0.025331497192382812,0.024007876714070637,0.0026249319534424193,0.020984649658203125,0.025707483291625977,3
comparator,12,base,cvc5,smt,SAT,0.03237414360046387,0.03452610969543457,0.005307998788467639,0.03063201904296875,0.040572166442871094,3
comparator,12,sbc,gecode,minizinc,SAT,0.15913748741149902,0.16359694798787436,0.010633927697627181,0.15591883659362793,0.1757345199584961,3
comparator,12,sbc,chuffed,minizinc,SAT,0.15023565292358398,0.155515988667806,0.009978660027033789,0.14928698539733887,0.16702532768249512,3
comparator,12,sbc,z3,smt,SAT,0.021178722381591797,0.0221097469329834,0.002933360962248853,0.019754886627197266,0.025395631790161133,3
comparator,12,sbc,cvc5,smt,SAT,0.03043389320373535,0.030846675237019856,0.0008373589177042217,0.030295848846435547,0.03181028366088867,3
comparator,12,sbc_half,gecode,minizinc,SAT,0.16008424758911133,0.16013161341349283,0.005025077400319012,0.15513038635253906,0.16518020629882812,3
comparator,12,sbc_half,chuffed,minizinc,SAT,0.15639090538024902,0.15612069765726724,0.001561630943008967,0.15444159507751465,0.15752959251403809,3
comparator,12,sbc_half,z3,smt,SAT,0.02337932586669922,0.022077480951944988,0.0023281280934377034,0.019389629364013672,0.02346348762512207,3
comparator,12,sbc_half,cvc5,smt,SAT,0.024127483367919922,0.02466726303100586,0.0015990701929619994,0.023407936096191406,0.02646636962890625,3
comparator,16,base,gecode,minizinc,SAT,0.1648552417755127,0.16667946179707846,0.004192634589430529,0.16370797157287598,0.17147517204284668,3
comparator,16,base,chuffed,minizinc,SAT,0.1645040512084961,0.1613005002339681,0.006073706879267666,0.1542956829071045,0.1651017665863037,3
comparator,16,base,z3,smt,SAT,0.020977258682250977,0.02144336700439453,0.0016020065353275225,0.0201261043548584,0.02322673797607422,3
comparator,16,base,cvc5,smt,SAT,0.045096397399902344,0.04491217931111654,0.0011481561844115492,0.04368305206298828,0.045957088470458984,3
comparator,16,sbc,gecode,minizinc,SAT,0.16479277610778809,0.16992632548014322,0.009388320944716729,0.16422414779663086,0.18076205253601074,3
comparator,16,sbc,chuffed,minizinc,SAT,0.16077685356140137,0.1597734292348226,0.0043627426178811995,0.15499639511108398,0.16354703903198242,3
comparator,16,sbc,z3,smt,SAT,0.021343469619750977,0.02208248774210612,0.0014408603553365505,0.02116107940673828,0.0237429141998291,3
comparator,16,sbc,cvc5,smt,SAT,0.04580521583557129,0.04536581039428711,0.0022300914703971956,0.04294872283935547,0.04734349250793457,3
comparator,16,sbc_half,gecode,minizinc,SAT,0.1617569923400879,0.16296998659769693,0.0026866428638908585,0.1611037254333496,0.16604924201965332,3
comparator,16,sbc_half,chuffed,minizinc,SAT,0.16013550758361816,0.1621079444885254,0.004405068451522924,0.15903377532958984,0.16715455055236816,3
comparator,16,sbc_half,z3,smt,SAT,0.02039623260498047,0.020223379135131836,0.0004067955479488476,0.01975870132446289,0.02051520347595215,3
comparator,16,sbc_half,cvc5,smt,SAT,0.03643393516540527,0.03781024614969889,0.0028677341141892594,0.03589010238647461,0.0411067008972168,3
comparator,20,base,gecode,minizinc,SAT,0.165449857711792,0.16478975613911948,0.006313509089936347,0.1581721305847168,0.1707472801208496,3
comparator,20,base,chuffed,minizinc,SAT,0.168809175491333,0.16686884562174478,0.004210225205060338,0.16203832626342773,0.16975903511047363,3
comparator,20,base,z3,smt,SAT,0.022859573364257812,0.023461580276489258,0.0019252801599264004,0.021909236907958984,0.025615930557250977,3
comparator,20,base,cvc5,smt,SAT,0.061412811279296875,0.06216017405192057,0.0018777041192315756,0.06077122688293457,0.06429648399353027,3
comparator,20,sbc,gecode,minizinc,SAT,0.16984152793884277,0.17365256945292154,0.0068457962913809085,0.16956043243408203,0.18155574798583984,3
comparator,20,sbc,chuffed,minizinc,SAT,0.15224790573120117,0.15642070770263672,0.007848306678126834,0.15154027938842773,0.16547393798828125,3
comparator,20,sbc,z3,smt,SAT,0.02356123924255371,0.022915442784627277,0.001190918256283623,0.021541118621826172,0.023643970489501953,3
comparator,20,sbc,cvc5,smt,SAT,0.059421539306640625,0.059909979502360024,0.002533239222162665,0.05765652656555176,0.0626518726348877,3
comparator,20,sbc_half,gecode,minizinc,SAT,0.1678485870361328,0.16768614451090494,0.0044234717044847995,0.16318368911743164,0.1720261573791504,3
comparator,20,sbc_half,chuffed,minizinc,SAT,0.16372251510620117,0.16469025611877441,0.006796375936350224,0.15842962265014648,0.17191863059997559,3
comparator,20,sbc_half,z3,smt,SAT,0.023459196090698242,0.02468562126159668,0.0025646263660583832,0.0229644775390625,0.027633190155029297,3
comparator,20,sbc_half,cvc5,smt,SAT,0.045989274978637695,0.04612437884012858,0.0009693446577549163,0.04522967338562012,0.04715418815612793,3
comparator,24,base,gecode,minizinc,SAT,0.166182279586792,0.1672351360321045,0.00387926896148597,0.16399097442626953,0.17153215408325195,3
comparator,24,base,chuffed,minizinc,SAT,0.1621239185333252,0.16091322898864746,0.0022474894696147703,0.15831995010375977,0.16229581832885742,3
comparator,24,base,z3,smt,SAT,0.025069713592529297,0.025659958521525066,0.0033163371852148126,0.022678375244140625,0.029231786727905273,3
comparator,24,base,cvc5,smt,SAT,0.08395004272460938,0.08286857604980469,0.0043043046797396145,0.07812666893005371,0.08652901649475098,3
comparator,24,sbc,gecode,minizinc,SAT,0.16667413711547852,0.16582234700520834,0.005574847830673695,0.15987062454223633,0.17092227935791016,3
comparator,24,sbc,chuffed,minizinc,SAT,0.15981650352478027,0.15904601414998373,0.0015723260502553042,0.15723705291748047,0.16008448600769043,3
comparator,24,sbc,z3,smt,SAT,0.02741718292236328,0.026984373728434246,0.00185688067642214,0.024949312210083008,0.028586626052856445,3
comparator,24,sbc,cvc5,smt,SAT,0.0790090560913086,0.08095916112263997,0.0038796982987561986,0.07844138145446777,0.08542704582214355,3
comparator,24,sbc_half,gecode,minizinc,SAT,0.17807555198669434,0.17789165178934732,0.013413182705659691,0.16438746452331543,0.19121193885803223,3
comparator,24,sbc_half,chuffed,minizinc,SAT,0.16027593612670898,0.161908229192098,0.004461896920393468,0.1584923267364502,0.16695642471313477,3
comparator,24,sbc_half,z3,smt,SAT,0.02255868911743164,0.023935794830322266,0.0027675792256042003,0.02212691307067871,0.027121782302856445,3
comparator,24,sbc_half,cvc5,smt,SAT,0.0592193603515625,0.05963357289632162,0.001817688319787733,0.058058738708496094,0.06162261962890625,3
comparator,28,base,gecode,minizinc,SAT,0.18818044662475586,0.19108843803405762,0.02388499364776926,0.16879057884216309,0.2162942886352539,3
comparator,28,base,chuffed,minizinc,SAT,0.15403318405151367,0.15619595845540366,0.006430954949558195,0.15112519264221191,0.16342949867248535,3
comparator,28,base,z3,smt,SAT,0.025998830795288086,0.02565479278564453,0.0028913164999550146,0.022606849670410156,0.02835869789123535,3
comparator,28,base,cvc5,smt,SAT,0.11670136451721191,0.11644554138183594,0.001636904648133664,0.11469578742980957,0.11793947219848633,3
comparator,28,sbc,gecode,minizinc,SAT,0.16711163520812988,0.16565553347269693,0.0028866230648176353,0.16233086585998535,0.16752409934997559,3
comparator,28,sbc,chuffed,minizinc,SAT,0.1629323959350586,0.1610687573750814,0.008517321918799092,0.15177392959594727,0.16849994659423828,3
comparator,28,sbc,z3,smt,SAT,0.023802757263183594,0.024664799372355144,0.0016637913121901255,0.023608922958374023,0.026582717895507812,3
comparator,28,sbc,cvc5,smt,SAT,0.10763216018676758,0.11114343007405598,0.007601544097112885,0.10593223571777344,0.11986589431762695,3
comparator,28,sbc_half,gecode,minizinc,SAT,0.1698305606842041,0.1720604101816813,0.005003241924149438,0.16855978965759277,0.17779088020324707,3
comparator,28,sbc_half,chuffed,minizinc,SAT,0.1560807228088379,0.1573974291483561,0.003981025516789494,0.15424156188964844,0.16187000274658203,3
comparator,28,sbc_half,z3,smt,SAT,0.022544145584106445,0.022339741388956707,0.0006800482527663826,0.021580934524536133,0.02289414405822754,3
comparator,28,sbc_half,cvc5,smt,SAT,0.07620954513549805,0.07996273040771484,0.006891897301951915,0.07576203346252441,0.08791661262512207,3
comparator,32,base,gecode,minizinc,SAT,0.16756677627563477,0.16971166928609213,0.005611741417773281,0.16548871994018555,0.17607951164245605,3
comparator,32,base,chuffed,minizinc,SAT,0.15936827659606934,0.17423248291015625,0.026134282416046605,0.1589205265045166,0.2044086456298828,3
comparator,32,base,z3,smt,SAT,0.025693416595458984,0.025553464889526367,0.0011874465276472523,0.024302244186401367,0.02666473388671875,3
comparator,32,base,cvc5,smt,SAT,0.13774561882019043,0.14183417956034342,0.01297511565040946,0.13139581680297852,0.15636110305786133,3
comparator,32,sbc,gecode,minizinc,SAT,0.1743628978729248,0.17384990056355795,0.0065597708241818785,0.16704869270324707,0.18013811111450195,3
comparator,32,sbc,chuffed,minizinc,SAT,0.15933990478515625,0.16018946965535483,0.001722399450848374,0.1590569019317627,0.1621716022491455,3
comparator,32,sbc,z3,smt,SAT,0.024608850479125977,0.02465343475341797,0.00020946384995622613,0.024469852447509766,0.024881601333618164,3
comparator,32,sbc,cvc5,smt,SAT,0.13352513313293457,0.13299147288004556,0.0015299973997264296,0.13126611709594727,0.13418316841125488,3
comparator,32,sbc_half,gecode,minizinc,SAT,0.16991758346557617,0.16958300272623697,0.004343886074171045,0.16508150100708008,0.1737499237060547,3
comparator,32,sbc_half,chuffed,minizinc,SAT,0.16474461555480957,0.16332403818766275,0.0077944503609045195,0.15491700172424316,0.17031049728393555,3
comparator,32,sbc_half,z3,smt,SAT,0.023693561553955078,0.023784081141153973,0.00022923203506044297,0.023613929748535156,0.02404475212097168,3
comparator,32,sbc_half,cvc5,smt,SAT,0.09600114822387695,0.09656445185343425,0.0020200671613203242,0.09488582611083984,0.09880638122558594,3
comparator,48,base,gecode,minizinc,SAT,0.1811521053314209,0.18294747670491537,0.0033035584113896834,0.18093037605285645,0.18675994873046875,3
comparator,48,base,chuffed,minizinc,SAT,0.17235517501831055,0.17434374491373697,0.012449505630467208,0.1630082130432129,0.1876678466796875,3
comparator,48,base,z3,smt,SAT,0.02970600128173828,0.029734134674072266,0.0020827288024781476,0.02766561508178711,0.031830787658691406,3
comparator,48,base,cvc5,smt,SAT,0.3278391361236572,0.311569611231486,0.028290800806048042,0.2789022922515869,0.32796740531921387,3
comparator,48,sbc,gecode,minizinc,SAT,0.18046045303344727,0.19005664189656576,0.0192567635983106,0.17748355865478516,0.21222591400146484,3
comparator,48,sbc,chuffed,minizinc,SAT,0.17177700996398926,0.17049018541971842,0.0032079225960944383,0.1668386459350586,0.17285490036010742,3
comparator,48,sbc,z3,smt,SAT,0.031058549880981445,0.03133686383565267,0.0013142803646974113,0.030184030532836914,0.03276801109313965,3
comparator,48,sbc,cvc5,smt,SAT,0.28343725204467773,0.29946430524190265,0.03841702665607106,0.271655797958374,0.34329986572265625,3
comparator,48,sbc_half,gecode,minizinc,SAT,0.19549822807312012,0.19578059514363608,0.007895085312165949,0.18803048133850098,0.2038130760192871,3
comparator,48,sbc_half,chuffed,minizinc,SAT,0.1707766056060791,0.17203458150227866,0.00281908874582758,0.17006349563598633,0.1752636432647705,3
comparator,48,sbc_half,z3,smt,SAT,0.026673316955566406,0.02724289894104004,0.0011567459882492518,0.02648138999938965,0.028573989868164062,3
comparator,48,sbc_half,cvc5,smt,SAT,0.1929619312286377,0.19035625457763672,0.006038092887382338,0.18345284461975098,0.19465398788452148,3
comparator,64,base,gecode,minizinc,SAT,0.17887234687805176,0.17765259742736816,0.006582926945533837,0.17054510116577148,0.18354034423828125,3
comparator,64,base,chuffed,minizinc,SAT,0.18616509437561035,0.18510834376017252,0.002758457566884886,0.1819777488708496,0.18718218803405762,3
comparator,64,base,z3,smt,SAT,0.03544330596923828,0.0358579953511556,0.001263060566561863,0.03485441207885742,0.037276268005371094,3
comparator,64,base,cvc5,smt,SAT,0.46085071563720703,0.4602382977803548,0.0035981768714863555,0.4563732147216797,0.46349096298217773,3
comparator,64,sbc,gecode,minizinc,SAT,0.203155517578125,0.20109891891479492,0.020545579651383893,0.17960238456726074,0.22053885459899902,3
comparator,64,sbc,chuffed,minizinc,SAT,0.20320510864257812,0.20272930463155112,0.005280740941340231,0.19722676277160645,0.20775604248046875,3
comparator,64,sbc,z3,smt,SAT,0.0341336727142334,0.03424342473347982,0.0013155746720707132,0.03298616409301758,0.03561043739318848,3
comparator,64,sbc,cvc5,smt,SAT,0.4911532402038574,0.5439573129018148,0.11621243040351419,0.46352243423461914,0.6771962642669678,3
comparator,64,sbc_half,gecode,minizinc,SAT,0.18425703048706055,0.19174297650655112,0.01693451403914187,0.1798415184020996,0.21113038063049316,3
comparator,64,sbc_half,chuffed,minizinc,SAT,0.18065524101257324,0.18099594116210938,0.004716455381656474,0.17645907402038574,0.18587350845336914,3
comparator,64,sbc_half,z3,smt,SAT,0.02877521514892578,0.028943618138631184,0.0007378006266406934,0.028304576873779297,0.029751062393188477,3
comparator,64,sbc_half,cvc5,smt,SAT,0.308490514755249,0.31872280438741046,0.025195750628518164,0.30025291442871094,0.3474249839782715,3
comparator,96,base,gecode,minizinc,SAT,0.19737648963928223,0.1972982088724772,0.0010130464717206377,0.19624829292297363,0.19826984405517578,3
comparator,96,base,chuffed,minizinc,SAT,0.18738269805908203,0.18875773747762045,0.007569629999159293,0.18196988105773926,0.19692063331604004,3
comparator,96,base,z3,smt,SAT,0.039724111557006836,0.04012767473856608,0.0007241192758269857,0.03969526290893555,0.04096364974975586,3
comparator,96,base,cvc5,smt,SAT,1.0795691013336182,1.0737143357594807,0.050794860132419385,1.0202457904815674,1.1213281154632568,3
comparator,96,sbc,gecode,minizinc,SAT,0.2066030502319336,0.21235187848409018,0.01101898245640479,0.20539617538452148,0.22505640983581543,3
comparator,96,sbc,chuffed,minizinc,SAT,0.1950380802154541,0.1982438564300537,0.010584907320842787,0.18963241577148438,0.21006107330322266,3
comparator,96,sbc,z3,smt,SAT,0.040348052978515625,0.042006333669026695,0.0038821901590562666,0.03922867774963379,0.046442270278930664,3
comparator,96,sbc,cvc5,smt,SAT,1.1041696071624756,1.1097169717152913,0.010262217600194521,1.1034224033355713,1.1215589046478271,3
comparator,96,sbc_half,gecode,minizinc,SAT,0.2026205062866211,0.2089980443318685,0.013115743747619481,0.20029067993164062,0.22408294677734375,3
comparator,96,sbc_half,chuffed,minizinc,SAT,0.18629193305969238,0.188078244527181,0.009647397485207602,0.17944884300231934,0.19849395751953125,3
comparator,96,sbc_half,z3,smt,SAT,0.04008984565734863,0.03880739212036133,0.003248582854874602,0.03511333465576172,0.04121899604797363,3
comparator,96,sbc_half,cvc5,smt,SAT,0.7385902404785156,0.7286922136942545,0.05978792710132092,0.6645729541778564,0.7829134464263916,3
comparator,128,base,gecode,minizinc,SAT,0.20677495002746582,0.21104065577189127,0.00971627630114915,0.20418691635131836,0.22216010093688965,3
comparator,128,base,chuffed,minizinc,SAT,0.21208953857421875,0.21232684453328451,0.017001678928737902,0.19544506072998047,0.2294459342956543,3
comparator,128,base,z3,smt,SAT,0.05881309509277344,0.05873187383015951,0.004569833440861155,0.054121971130371094,0.06326055526733398,3
comparator,128,base,cvc5,smt,SAT,1.9505059719085693,1.942655086517334,0.08316995795782177,1.8558380603790283,2.0216212272644043,3
comparator,128,sbc,gecode,minizinc,SAT,0.24555683135986328,0.23542539278666177,0.02163545803950403,0.21058320999145508,0.250136137008667,3
comparator,128,sbc,chuffed,minizinc,SAT,0.20828843116760254,0.21141783396402994,0.006208750383145089,0.2073965072631836,0.2185685634613037,3
comparator,128,sbc,z3,smt,SAT,0.05188703536987305,0.05094726880391439,0.0017882174527804327,0.04888510704040527,0.052069664001464844,3
comparator,128,sbc,cvc5,smt,SAT,1.9634876251220703,1.9677763779958088,0.10170198836151079,1.8682866096496582,2.0715548992156982,3
comparator,128,sbc_half,gecode,minizinc,SAT,0.19985055923461914,0.19910923639933267,0.0016332693543745648,0.1972367763519287,0.2002403736114502,3
comparator,128,sbc_half,chuffed,minizinc,SAT,0.22314238548278809,0.21672463417053223,0.013506352962352544,0.20120596885681152,0.22582554817199707,3
comparator,128,sbc_half,z3,smt,SAT,0.04488968849182129,0.04766432444254557,0.006553829313742945,0.042954206466674805,0.055149078369140625,3
comparator,128,sbc_half,cvc5,smt,SAT,1.3280682563781738,1.3340247472127278,0.03622776923995252,1.3011443614959717,1.372861623764038,3
layered,8,base,gecode,minizinc,SAT,0.1699836254119873,0.17128690083821616,0.0034890981342463813,0.16863703727722168,0.17524003982543945,3
layered,8,base,chuffed,minizinc,SAT,0.17022705078125,0.16973249117533365,0.004450830361375092,0.1650550365447998,0.17391538619995117,3
layered,8,base,z3,smt,SAT,0.020638465881347656,0.021731456120808918,0.0019167011314385582,0.020611286163330078,0.023944616317749023,3
layered,8,base,cvc5,smt,SAT,0.008769512176513672,0.008789459864298502,0.0008667045080339472,0.007932901382446289,0.009665966033935547,3
layered,8,sbc,gecode,minizinc,SAT,0.17174553871154785,0.17516247431437174,0.006474666293339012,0.171112060546875,0.18262982368469238,3
layered,8,sbc,chuffed,minizinc,SAT,0.16584277153015137,0.1636508305867513,0.010674039520070145,0.15205097198486328,0.17305874824523926,3
layered,8,sbc,z3,smt,SAT,0.019070148468017578,0.018813451131184895,0.0014137667765172068,0.017288923263549805,0.020081281661987305,3
layered,8,sbc,cvc5,smt,SAT,0.009397506713867188,0.009523789087931315,0.0015798558538415108,0.0080108642578125,0.011162996292114258,3
layered,8,sbc_half,gecode,minizinc,SAT,0.1702587604522705,0.1702094872792562,0.0019543061758905103,0.16823101043701172,0.17213869094848633,3
layered,8,sbc_half,chuffed,minizinc,SAT,0.16221976280212402,0.16314085324605307,0.007434371529656825,0.15620994567871094,0.17099285125732422,3
layered,8,sbc_half,z3,smt,SAT,0.02031421661376953,0.020570675532023113,0.0004618615480131303,0.0202939510345459,0.021103858947753906,3
layered,8,sbc_half,cvc5,smt,SAT,0.0063953399658203125,0.006519873936971028,0.0003901172281985973,0.00620722770690918,0.006957054138183594,3
layered,16,base,gecode,minizinc,SAT,0.16233468055725098,0.16154845555623373,0.005591400936421725,0.15560555458068848,0.16670513153076172,3
layered,16,base,chuffed,minizinc,SAT,0.16407108306884766,0.16413092613220215,0.0032313450014567657,0.16092991828918457,0.16739177703857422,3
layered,16,base,z3,smt,SAT,0.019973039627075195,0.020307461420694988,0.0006671907124983542,0.019873619079589844,0.021075725555419922,3
layered,16,base,cvc5,smt,SAT,0.010692119598388672,0.010963916778564453,0.0011513230222479273,0.009972810745239258,0.01222681999206543,3
layered,16,sbc,gecode,minizinc,SAT,0.16651034355163574,0.16843136151631674,0.004099276318902179,0.16564536094665527,0.17313838005065918,3
layered,16,sbc,chuffed,minizinc,SAT,0.16091132164001465,0.16202171643575033,0.0037666641321774993,0.1589350700378418,0.16621875762939453,3
layered,16,sbc,z3,smt,SAT,0.02287769317626953,0.021488348642985027,0.002446165899691236,0.018663883209228516,0.02292346954345703,3
layered,16,sbc,cvc5,smt,SAT,0.01043558120727539,0.010624170303344727,0.0019557839641006986,0.008769512176513672,0.012667417526245117,3
layered,16,sbc_half,gecode,minizinc,SAT,0.1698133945465088,0.1720100243886312,0.0046417973597468985,0.16887426376342773,0.17734241485595703,3
layered,16,sbc_half,chuffed,minizinc,SAT,0.1700131893157959,0.17195820808410645,0.014868613301178456,0.1581578254699707,0.18770360946655273,3
layered,16,sbc_half,z3,smt,SAT,0.013751983642578125,0.01445309321085612,0.0014415926958691854,0.013496160507202148,0.016111135482788086,3
layered,16,sbc_half,cvc5,smt,SAT,0.00901651382446289,0.009265899658203125,0.0008947767322875492,0.008522272109985352,0.010258913040161133,3
layered,32,base,gecode,minizinc,SAT,0.1673741340637207,0.17221283912658691,0.008730061072979143,0.16697359085083008,0.18229079246520996,3
layered,32,base,chuffed,minizinc,SAT,0.16265082359313965,0.16596229871114096,0.008172684903419075,0.15996503829956055,0.17527103424072266,3
layered,32,base,z3,smt,SAT,0.021041393280029297,0.021071354548136394,0.0015028571042320998,0.019583702087402344,0.02258896827697754,3
layered,32,base,cvc5,smt,SAT,0.013704538345336914,0.014484723409016928,0.001626052050800324,0.01339578628540039,0.016353845596313477,3
layered,32,sbc,gecode,minizinc,SAT,0.1696922779083252,0.16790135701497397,0.004514244061361579,0.1627664566040039,0.17124533653259277,3
layered,32,sbc,chuffed,minizinc,SAT,0.16556739807128906,0.1706236203511556,0.017792068758145364,0.15590691566467285,0.19039654731750488,3
layered,32,sbc,z3,smt,SAT,0.021824121475219727,0.021631240844726562,0.0026308927586169814,0.018909215927124023,0.024160385131835938,3
layered,32,sbc,cvc5,smt,SAT,0.015312910079956055,0.015089035034179688,0.0018613262428000342,0.013125896453857422,0.016828298568725586,3
layered,32,sbc_half,gecode,minizinc,SAT,0.17605900764465332,0.1789241631825765,0.005472643395590978,0.17547893524169922,0.18523454666137695,3
layered,32,sbc_half,chuffed,minizinc,SAT,0.15843868255615234,0.16163102785746256,0.006781025306357225,0.15703535079956055,0.1694190502166748,3
layered,32,sbc_half,z3,smt,SAT,0.01645350456237793,0.016794681549072266,0.0015250911951856126,0.015469074249267578,0.01846146583557129,3
layered,32,sbc_half,cvc5,smt,SAT,0.01068735122680664,0.010643561681111654,0.00019294859777500744,0.01043248176574707,0.01081085205078125,3
layered,64,base,gecode,minizinc,SAT,0.1838216781616211,0.19031667709350586,0.020425668800053438,0.17392826080322266,0.21320009231567383,3
layered,64,base,chuffed,minizinc,SAT,0.16660237312316895,0.17053747177124023,0.006928209953434004,0.1664729118347168,0.17853713035583496,3
layered,64,base,z3,smt,SAT,0.022557497024536133,0.02273114522298177,0.0003243791738375146,0.022530555725097656,0.023105382919311523,3
layered,64,base,cvc5,smt,SAT,0.022151708602905273,0.0223693052927653,0.001359473720913377,0.02113175392150879,0.023824453353881836,3
layered,64,sbc,gecode,minizinc,SAT,0.17667818069458008,0.17873422304789224,0.00421509160137428,0.17594170570373535,0.18358278274536133,3
layered,64,sbc,chuffed,minizinc,SAT,0.17275047302246094,0.16797073682149252,0.012867751793746133,0.1533970832824707,0.1777646541595459,3
layered,64,sbc,z3,smt,SAT,0.022150278091430664,0.02262115478515625,0.0021182750931563192,0.02077794075012207,0.024935245513916016,3
layered,64,sbc,cvc5,smt,SAT,0.022440433502197266,0.023241281509399414,0.004548215587634315,0.01914668083190918,0.028136730194091797,3
layered,64,sbc_half,gecode,minizinc,SAT,0.1753842830657959,0.17436512311299643,0.0023323334068658325,0.17169666290283203,0.17601442337036133,3
layered,64,sbc_half,chuffed,minizinc,SAT,0.1661207675933838,0.16935420036315918,0.007190677167830977,0.16434788703918457,0.17759394645690918,3
layered,64,sbc_half,z3,smt,SAT,0.018178939819335938,0.018201112747192383,0.0010419469387452957,0.017170429229736328,0.019253969192504883,3
layered,64,sbc_half,cvc5,smt,SAT,0.016474246978759766,0.01664868990580241,0.00038811749846636036,0.016378402709960938,0.017093420028686523,3
layered,128,base,gecode,minizinc,SAT,0.17734622955322266,0.17742220560709634,0.0017750541233509717,0.17568635940551758,0.17923402786254883,3
layered,128,base,chuffed,minizinc,SAT,0.1748046875,0.17473475138346353,0.0013596203296327007,0.1733415126800537,0.17605805397033691,3
layered,128,base,z3,smt,SAT,0.025621652603149414,0.025006930033365887,0.0024760680089325688,0.022281408309936523,0.02711772918701172,3
layered,128,base,cvc5,smt,SAT,0.03760266304016113,0.03835924466451009,0.003531263680406377,0.03526759147644043,0.04220747947692871,3
layered,128,sbc,gecode,minizinc,SAT,0.18467497825622559,0.18187284469604492,0.011538025152634919,0.16919183731079102,0.19175171852111816,3
layered,128,sbc,chuffed,minizinc,SAT,0.17695331573486328,0.1732165813446045,0.009907874702203388,0.16198372840881348,0.18071269989013672,3
layered,128,sbc,z3,smt,SAT,0.026816129684448242,0.026424566904703777,0.0011237203172601987,0.025157451629638672,0.027300119400024414,3
layered,128,sbc,cvc5,smt,SAT,0.05484199523925781,0.05222344398498535,0.017300979150726592,0.033762454986572266,0.06806588172912598,3
layered,128,sbc_half,gecode,minizinc,SAT,0.17064833641052246,0.17065072059631348,0.0003171034324621824,0.1703348159790039,0.17096900939941406,3
layered,128,sbc_half,chuffed,minizinc,SAT,0.1720743179321289,0.16890168190002441,0.005556188674067013,0.16248607635498047,0.17214465141296387,3
layered,128,sbc_half,z3,smt,SAT,0.016732215881347656,0.016430457433064777,0.0005267958901947741,0.015822172164916992,0.016736984252929688,3
layered,128,sbc_half,cvc5,smt,SAT,0.02587294578552246,0.02550395329793294,0.001131235391708616,0.024234294891357422,0.026404619216918945,3
layered,256,base,gecode,minizinc,SAT,0.19443321228027344,0.19109423955281576,0.014259492867658569,0.1754615306854248,0.20338797569274902,3
layered,256,base,chuffed,minizinc,UNKNOWN,1.2479281425476074,1.2550122737884521,0.018053489035048314,1.2415752410888672,1.2755334377288818,3
layered,256,base,z3,smt,SAT,0.03232979774475098,0.0325928529103597,0.0036834660329002774,0.02904796600341797,0.036400794982910156,3
layered,256,base,cvc5,smt,SAT,0.0860600471496582,0.08464566866556804,0.0044091803404811844,0.07970285415649414,0.08817410469055176,3
layered,256,sbc,gecode,minizinc,SAT,0.1936171054840088,0.19511946042378744,0.005948801600440262,0.19006586074829102,0.2016754150390625,3
layered,256,sbc,chuffed,minizinc,UNKNOWN,1.240079402923584,1.2311776479085286,0.020366239703321843,1.2078759670257568,1.2455775737762451,3
layered,256,sbc,z3,smt,SAT,0.03008413314819336,0.030764261881510418,0.0035447334874174796,0.027608871459960938,0.03459978103637695,3
layered,256,sbc,cvc5,smt,SAT,0.08688640594482422,0.09017785390218098,0.012574199275652948,0.07957673072814941,0.10407042503356934,3
layered,256,sbc_half,gecode,minizinc,SAT,0.18717074394226074,0.1876363754272461,0.00530026744160435,0.18258428573608398,0.19315409660339355,3
layered,256,sbc_half,chuffed,minizinc,SAT,0.170989990234375,0.17060955365498862,0.0008047442689223373,0.16968512535095215,0.17115354537963867,3
layered,256,sbc_half,z3,smt,SAT,0.022205114364624023,0.021622339884440105,0.0013945108670116928,0.020030975341796875,0.022630929946899414,3
layered,256,sbc_half,cvc5,smt,SAT,0.04216575622558594,0.043770949045817055,0.005449346492782267,0.039304494857788086,0.04984259605407715,3
layered,512,base,gecode,minizinc,SAT,0.2078840732574463,0.20776867866516113,0.0060251894788796966,0.20168662071228027,0.21373534202575684,3
layered,512,base,chuffed,minizinc,SAT,0.19876885414123535,0.20048975944519043,0.008511196831990859,0.19297051429748535,0.20972990989685059,3
layered,512,base,z3,smt,SAT,0.043541669845581055,0.04191072781880697,0.0038304628708934695,0.03753471374511719,0.044655799865722656,3
layered,512,base,cvc5,smt,SAT,0.18092703819274902,0.18177461624145508,0.005857507172548716,0.17638707160949707,0.18800973892211914,3
layered,512,sbc,gecode,minizinc,SAT,0.21186089515686035,0.2126154899597168,0.004347487282417624,0.2086946964263916,0.21729087829589844,3
layered,512,sbc,chuffed,minizinc,SAT,0.194580078125,0.1941204865773519,0.0036553523279326287,0.19025707244873047,0.1975243091583252,3
layered,512,sbc,z3,smt,SAT,0.044648170471191406,0.04483731587727865,0.0022016986250034307,0.04273629188537598,0.047127485275268555,3
layered,512,sbc,cvc5,smt,SAT,0.17944550514221191,0.17945416768391928,0.004456168767512613,0.1750023365020752,0.1839146614074707,3
layered,512,sbc_half,gecode,minizinc,SAT,0.1990976333618164,0.19965394337972006,0.007003685135502921,0.19294500350952148,0.20691919326782227,3
layered,512,sbc_half,chuffed,minizinc,SAT,0.19597411155700684,0.19554384549458823,0.00666135465181058,0.18867778778076172,0.2019796371459961,3
layered,512,sbc_half,z3,smt,SAT,0.033141374588012695,0.03361137708028158,0.0019211603017041592,0.03196883201599121,0.03572392463684082,3
layered,512,sbc_half,cvc5,smt,SAT,0.10940241813659668,0.11017076174418132,0.002586171390072502,0.10805583000183105,0.11305403709411621,3
layered,1024,base,gecode,minizinc,SAT,0.2523369789123535,0.25052332878112793,0.011579364451325973,0.2381441593170166,0.26108884811401367,3
layered,1024,base,chuffed,minizinc,SAT,0.22343134880065918,0.2301034132639567,0.012401563726070382,0.22246623039245605,0.24441266059875488,3
layered,1024,base,z3,smt,SAT,0.06661653518676758,0.06496858596801758,0.003033634402846476,0.061467647552490234,0.06682157516479492,3
layered,1024,base,cvc5,smt,SAT,0.4823338985443115,0.5084793567657471,0.081814188511225,0.4429335594177246,0.6001706123352051,3
layered,1024,sbc,gecode,minizinc,SAT,0.2623300552368164,0.2578837076822917,0.00799942301668234,0.24864888191223145,0.26267218589782715,3
layered,1024,sbc,chuffed,minizinc,SAT,0.23502516746520996,0.2367396354675293,0.0029711976533899668,0.23502326011657715,0.24017047882080078,3
layered,1024,sbc,z3,smt,SAT,0.07022738456726074,0.07076390584309895,0.00865360684032081,0.062391042709350586,0.07967329025268555,3
layered,1024,sbc,cvc5,smt,SAT,0.4590442180633545,0.46031872431437176,0.005810088409919098,0.45525169372558594,0.4666602611541748,3
layered,1024,sbc_half,gecode,minizinc,SAT,0.2259354591369629,0.229510227839152,0.011719366738402603,0.21999454498291016,0.242600679397583,3
layered,1024,sbc_half,chuffed,minizinc,SAT,0.2183992862701416,0.21542485555013022,0.010913571163726907,0.20333242416381836,0.22454285621643066,3
layered,1024,sbc_half,z3,smt,SAT,0.050435543060302734,0.05067753791809082,0.0014036868484133998,0.04941058158874512,0.05218648910522461,3
layered,1024,sbc_half,cvc5,smt,SAT,0.22681498527526855,0.22477006912231445,0.005148686079638307,0.21891307830810547,0.22858214378356934,3
layered,2048,base,gecode,minizinc,SAT,0.4194309711456299,0.42206629117329914,0.00626195356283895,0.4175527095794678,0.4292151927947998,3
layered,2048,base,chuffed,minizinc,SAT,0.3161804676055908,0.311700979868571,0.009084110360200811,0.30124711990356445,0.3176753520965576,3
layered,2048,base,z3,smt,SAT,0.10710978507995605,0.1067664623260498,0.0064198717341069885,0.10018181800842285,0.11300778388977051,3
layered,2048,base,cvc5,smt,SAT,1.111227035522461,1.1156721115112305,0.0199736736334682,1.0982954502105713,1.1374938488006592,3
layered,2048,sbc,gecode,minizinc,SAT,0.4227440357208252,0.426408052444458,0.010267532626044693,0.4184751510620117,0.4380049705505371,3
layered,2048,sbc,chuffed,minizinc,SAT,0.3161895275115967,0.3232582410176595,0.029395042367001002,0.29804205894470215,0.3555431365966797,3
layered,2048,sbc,z3,smt,SAT,0.11176204681396484,0.11039471626281738,0.002565457463096378,0.10743522644042969,0.11198687553405762,3
layered,2048,sbc,cvc5,smt,SAT,1.1283767223358154,1.1288433074951172,0.007982117011234217,1.1211047172546387,1.1370484828948975,3
layered,2048,sbc_half,gecode,minizinc,SAT,0.3153667449951172,0.3325185775756836,0.04130262387417259,0.3025553226470947,0.37963366508483887,3
layered,2048,sbc_half,chuffed,minizinc,SAT,0.28828978538513184,0.28413089116414386,0.012520376062140655,0.27006030082702637,0.29404258728027344,3
layered,2048,sbc_half,z3,smt,SAT,0.08811259269714355,0.08842047055562337,0.002100530970554869,0.08649086952209473,0.09065794944763184,3
layered,2048,sbc_half,cvc5,smt,SAT,0.5655922889709473,0.559332529703776,0.017918379338542807,0.5391240119934082,0.5732812881469727,3
majority,3,base,gecode,minizinc,SAT,0.17761635780334473,0.1713224252065023,0.016231404973370958,0.15288662910461426,0.18346428871154785,3
majority,3,base,chuffed,minizinc,SAT,0.16691899299621582,0.16280659039815268,0.008200641458808127,0.15336346626281738,0.1681373119354248,3
majority,3,base,z3,smt,SAT,0.019960880279541016,0.02093331019083659,0.002655490789547787,0.01890110969543457,0.02393794059753418,3
majority,3,base,cvc5,smt,SAT,0.007306098937988281,0.007464488347371419,0.0004372772452811633,0.007128477096557617,0.00795888900756836,3
majority,3,sbc,gecode,minizinc,SAT,0.16498661041259766,0.16386993726094565,0.0038874338048769078,0.1595463752746582,0.16707682609558105,3
majority,3,sbc,chuffed,minizinc,SAT,0.16672277450561523,0.16232220331827799,0.011861283358146988,0.14888954162597656,0.1713542938232422,3
majority,3,sbc,z3,smt,SAT,0.02189469337463379,0.02259174982706706,0.003147268385353232,0.0198514461517334,0.026029109954833984,3
majority,3,sbc,cvc5,smt,SAT,0.007318019866943359,0.00791009267171224,0.0019626371297862323,0.006311655044555664,0.010100603103637695,3
majority,3,sbc_half,gecode,minizinc,SAT,0.16787409782409668,0.16810154914855957,0.0038123984264675694,0.16440796852111816,0.17202258110046387,3
majority,3,sbc_half,chuffed,minizinc,SAT,0.1644148826599121,0.1647611459096273,0.003988468461805138,0.16095709800720215,0.16891145706176758,3
majority,3,sbc_half,z3,smt,SAT,0.01693439483642578,0.018506526947021484,0.0028922918964603343,0.016740798950195312,0.02184438705444336,3
majority,3,sbc_half,cvc5,smt,SAT,0.008064746856689453,0.007992982864379883,0.0005809031862541087,0.0073795318603515625,0.008534669876098633,3
majority,5,base,gecode,minizinc,SAT,0.17044568061828613,0.16783873240152994,0.006857175070875435,0.16006040573120117,0.17301011085510254,3
majority,5,base,chuffed,minizinc,SAT,0.16831278800964355,0.16677212715148926,0.008745293203282432,0.15735888481140137,0.17464470863342285,3
majority,5,base,z3,smt,SAT,0.02193737030029297,0.02204418182373047,0.0018781566687425724,0.020221710205078125,0.023973464965820312,3
majority,5,base,cvc5,smt,SAT,0.006926059722900391,0.00731960932413737,0.0006944887802087069,0.006911277770996094,0.008121490478515625,3
majority,5,sbc,gecode,minizinc,SAT,0.16095638275146484,0.16083836555480957,0.0004463763155089199,0.16034483909606934,0.16121387481689453,3
majority,5,sbc,chuffed,minizinc,SAT,0.15839242935180664,0.16328040758768717,0.015104835532237645,0.15122485160827637,0.18022394180297852,3
majority,5,sbc,z3,smt,SAT,0.019382953643798828,0.019633134206136067,0.0011223663521837727,0.01865696907043457,0.020859479904174805,3
majority,5,sbc,cvc5,smt,SAT,0.007114887237548828,0.007518768310546875,0.0009487390371397453,0.006838798522949219,0.008602619171142578,3
majority,5,sbc_half,gecode,minizinc,SAT,0.17117595672607422,0.1713853677113851,0.007543479191395148,0.16394877433776855,0.1790313720703125,3
majority,5,sbc_half,chuffed,minizinc,SAT,0.16899800300598145,0.16702787081400552,0.005222769032584203,0.16110658645629883,0.17097902297973633,3
majority,5,sbc_half,z3,smt,SAT,0.016394615173339844,0.016189098358154297,0.0018786055589318212,0.014216184616088867,0.01795649528503418,3
majority,5,sbc_half,cvc5,smt,SAT,0.007084846496582031,0.007535298665364583,0.000878610129219733,0.0069732666015625,0.008547782897949219,3
majority,7,base,gecode,minizinc,SAT,0.17252373695373535,0.17237210273742676,0.006350683029700878,0.16594696044921875,0.17864561080932617,3
majority,7,base,chuffed,minizinc,SAT,0.1656944751739502,0.1625690460205078,0.014426245705224916,0.1468362808227539,0.17517638206481934,3
majority,7,base,z3,smt,SAT,0.023407459259033203,0.022735039393107098,0.0025197529680129143,0.019947290420532227,0.02485036849975586,3
majority,7,base,cvc5,smt,SAT,0.0077092647552490234,0.008168458938598633,0.0014072827239579727,0.007048130035400391,0.009747982025146484,3
majority,7,sbc,gecode,minizinc,SAT,0.1833641529083252,0.18110386530558267,0.006201786252428879,0.1740889549255371,0.18585848808288574,3
majority,7,sbc,chuffed,minizinc,SAT,0.1786024570465088,0.1793335278828939,0.0028328997735632953,0.17693781852722168,0.18246030807495117,3
majority,7,sbc,z3,smt,SAT,0.020674705505371094,0.02054437001546224,0.0007809150920415042,0.01970648765563965,0.021251916885375977,3
majority,7,sbc,cvc5,smt,SAT,0.00805354118347168,0.008294185002644857,0.000678439299383942,0.007768869400024414,0.009060144424438477,3
majority,7,sbc_half,gecode,minizinc,SAT,0.2258620262145996,0.21755854288736978,0.025871960534795665,0.1885542869567871,0.23825931549072266,3
majority,7,sbc_half,chuffed,minizinc,SAT,0.17768406867980957,0.1839930216471354,0.029113562306683927,0.15855121612548828,0.2157437801361084,3
majority,7,sbc_half,z3,smt,SAT,0.014687538146972656,0.014957189559936523,0.0008972173911473032,0.01422572135925293,0.015958309173583984,3
majority,7,sbc_half,cvc5,smt,SAT,0.0070803165435791016,0.007529099782307942,0.000789113789753557,0.0070667266845703125,0.008440256118774414,3
majority,9,base,gecode,minizinc,SAT,0.170884370803833,0.16964077949523926,0.006989269079234798,0.16211318969726562,0.17592477798461914,3
majority,9,base,chuffed,minizinc,SAT,0.16915488243103027,0.1720734437306722,0.007959134629956724,0.1659855842590332,0.18107986450195312,3
majority,9,base,z3,smt,SAT,0.022066831588745117,0.021970033645629883,0.0020985664007007734,0.019824743270874023,0.024018526077270508,3
majority,9,base,cvc5,smt,SAT,0.008419513702392578,0.009011665980021158,0.001384616392485582,0.00802159309387207,0.010593891143798828,3
majority,9,sbc,gecode,minizinc,SAT,0.17338895797729492,0.17876958847045898,0.010407196091099425,0.17215418815612793,0.1907656192779541,3
majority,9,sbc,chuffed,minizinc,SAT,0.1656017303466797,0.16265694300333658,0.005245718634992806,0.1566004753112793,0.16576862335205078,3
majority,9,sbc,z3,smt,SAT,0.01812267303466797,0.01955262819925944,0.0027329544981160967,0.01783132553100586,0.022703886032104492,3
majority,9,sbc,cvc5,smt,SAT,0.00762939453125,0.008750677108764648,0.0025442433919262296,0.006959676742553711,0.011662960052490234,3
majority,9,sbc_half,gecode,minizinc,SAT,0.16350555419921875,0.16822203000386557,0.009360676369299705,0.16215777397155762,0.1790027618408203,3
majority,9,sbc_half,chuffed,minizinc,SAT,0.1759650707244873,0.17516549428304037,0.0019878641460349344,0.17290234565734863,0.17662906646728516,3
majority,9,sbc_half,z3,smt,SAT,0.014451742172241211,0.01581684748331706,0.0028323712202739633,0.013925552368164062,0.0190732479095459,3
majority,9,sbc_half,cvc5,smt,SAT,0.007979393005371094,0.008431752522786459,0.0019469312311893698,0.006750822067260742,0.010565042495727539,3
majority,11,base,gecode,minizinc,SAT,0.1718277931213379,0.17496784528096518,0.0055651556787290005,0.17168235778808594,0.18139338493347168,3
majority,11,base,chuffed,minizinc,SAT,0.1672205924987793,0.1689127286275228,0.008558777134973739,0.16132640838623047,0.1781911849975586,3
majority,11,base,z3,smt,SAT,0.02254939079284668,0.02272478739420573,0.0009822982703024809,0.021842002868652344,0.023782968521118164,3
majority,11,base,cvc5,smt,SAT,0.008846521377563477,0.008493343989054361,0.0007983431198531862,0.007579326629638672,0.009054183959960938,3
majority,11,sbc,gecode,minizinc,SAT,0.1777641773223877,0.1760100523630778,0.009680521770133227,0.1655724048614502,0.1846935749053955,3
majority,11,sbc,chuffed,minizinc,SAT,0.17570018768310547,0.17569096883138022,0.0009861315621097857,0.17470026016235352,0.17667245864868164,3
majority,11,sbc,z3,smt,SAT,0.020592451095581055,0.020656665166219074,0.0007205045094287275,0.019970417022705078,0.021407127380371094,3
majority,11,sbc,cvc5,smt,SAT,0.008414506912231445,0.009030818939208984,0.0011924486821438891,0.008272647857666016,0.010405302047729492,3
majority,11,sbc_half,gecode,minizinc,SAT,0.16228508949279785,0.16641481717427573,0.008570324954862828,0.1606912612915039,0.1762681007385254,3
majority,11,sbc_half,chuffed,minizinc,SAT,0.16661405563354492,0.16479388872782388,0.009385744415364487,0.1546313762664795,0.17313623428344727,3
majority,11,sbc_half,z3,smt,SAT,0.015899181365966797,0.015383005142211914,0.0010217253168106851,0.014206171035766602,0.016043663024902344,3
majority,11,sbc_half,cvc5,smt,SAT,0.008148431777954102,0.008234024047851562,0.0006237126179779349,0.007657527923583984,0.008896112442016602,3
majority,13,base,gecode,minizinc,SAT,0.17302513122558594,0.17090805371602377,0.01227381268841357,0.1577134132385254,0.18198561668395996,3
majority,13,base,chuffed,minizinc,SAT,0.17019939422607422,0.17247899373372397,0.005897317099014762,0.1680617332458496,0.17917585372924805,3
majority,13,base,z3,smt,SAT,0.02197885513305664,0.021191120147705078,0.002349280343675333,0.018549203872680664,0.02304530143737793,3
majority,13,base,cvc5,smt,SAT,0.009335994720458984,0.00947419802347819,0.0009071262148212068,0.00864410400390625,0.010442495346069336,3
majority,13,sbc,gecode,minizinc,SAT,0.17493629455566406,0.17520427703857422,0.004996209209531693,0.1703474521636963,0.1803290843963623,3
majority,13,sbc,chuffed,minizinc,SAT,0.16665434837341309,0.1667335033416748,0.002908322561026803,0.1638655662536621,0.16968059539794922,3
majority,13,sbc,z3,smt,SAT,0.022146940231323242,0.02200778325398763,0.0006000475266691363,0.021350383758544922,0.022526025772094727,3
majority,13,sbc,cvc5,smt,SAT,0.0085906982421875,0.009248177210489908,0.0014876441351443295,0.008202552795410156,0.01095128059387207,3
majority,13,sbc_half,gecode,minizinc,SAT,0.1698136329650879,0.1737687587738037,0.011966590603675135,0.16428041458129883,0.18721222877502441,3
majority,13,sbc_half,chuffed,minizinc,SAT,0.16897368431091309,0.17178853352864584,0.014681407985231954,0.15871834754943848,0.18767356872558594,3
majority,13,sbc_half,z3,smt,SAT,0.015767335891723633,0.01581152280171712,0.00202239003931898,0.013811588287353516,0.01785564422607422,3
majority,13,sbc_half,cvc5,smt,SAT,0.0086822509765625,0.00895071029663086,0.0007271964820913457,0.008395910263061523,0.009773969650268555,3
majority,15,base,gecode,minizinc,SAT,0.16483354568481445,0.16581058502197266,0.002025116969172157,0.164459228515625,0.16813898086547852,3
majority,15,base,chuffed,minizinc,SAT,0.16562867164611816,0.16369191805521646,0.007292281450003666,0.15562677383422852,0.16982030868530273,3
majority,15,base,z3,smt,SAT,0.02211141586303711,0.02111077308654785,0.001886112622690635,0.018935203552246094,0.02228569984436035,3
majority,15,base,cvc5,smt,SAT,0.011145591735839844,0.011251449584960938,0.0005444539221794083,0.010767698287963867,0.011841058731079102,3
majority,15,sbc,gecode,minizinc,SAT,0.15844297409057617,0.1635115146636963,0.009648326573381145,0.1574537754058838,0.1746377944946289,3
majority,15,sbc,chuffed,minizinc,SAT,0.17373275756835938,0.17404977480570474,0.003928610215412069,0.1702892780303955,0.17812728881835938,3
majority,15,sbc,z3,smt,SAT,0.023824691772460938,0.023731549580891926,0.002446789347468515,0.021239519119262695,0.02613043785095215,3
majority,15,sbc,cvc5,smt,SAT,0.010857582092285156,0.010927041371663412,0.0014803715100266109,0.009482622146606445,0.012440919876098633,3
majority,15,sbc_half,gecode,minizinc,SAT,0.16567254066467285,0.18037311236063638,0.030188179982804677,0.16035103797912598,0.21509575843811035,3
majority,15,sbc_half,chuffed,minizinc,SAT,0.16431570053100586,0.16214998563130698,0.00938804468914315,0.15186834335327148,0.17026591300964355,3
majority,15,sbc_half,z3,smt,SAT,0.01402902603149414,0.014282782872517904,0.0006800951854336203,0.013766050338745117,0.015053272247314453,3
majority,15,sbc_half,cvc5,smt,SAT,0.008582353591918945,0.008748769760131836,0.0006183222557465188,0.00823068618774414,0.009433269500732422,3
majority,17,base,gecode,minizinc,SAT,0.17847561836242676,0.17337306340535483,0.010288808174695598,0.1615302562713623,0.1801133155822754,3
majority,17,base,chuffed,minizinc,SAT,0.1714310646057129,0.17070643107096353,0.0019541134118699994,0.16849350929260254,0.1721947193145752,3
majority,17,base,z3,smt,SAT,0.02051091194152832,0.020388364791870117,0.0007275677239189666,0.0196073055267334,0.021046876907348633,3
majority,17,base,cvc5,smt,SAT,0.011838436126708984,0.01199960708618164,0.0014650704512969507,0.010621786117553711,0.013538599014282227,3
majority,17,sbc,gecode,minizinc,SAT,0.17518901824951172,0.1726388931274414,0.008081032799420289,0.1635904312133789,0.1791372299194336,3
majority,17,sbc,chuffed,minizinc,SAT,0.1719954013824463,0.17028252283732095,0.0042387803086853726,0.16545534133911133,0.17339682579040527,3
majority,17,sbc,z3,smt,SAT,0.020706892013549805,0.02090938886006673,0.002468861701335821,0.018548011779785156,0.023473262786865234,3
majority,17,sbc,cvc5,smt,SAT,0.011655330657958984,0.011743783950805664,0.0005847539732348454,0.011208295822143555,0.012367725372314453,3
majority,17,sbc_half,gecode,minizinc,SAT,0.1745128631591797,0.17589426040649414,0.002800400802801427,0.17405295372009277,0.17911696434020996,3
majority,17,sbc_half,chuffed,minizinc,SAT,0.17336654663085938,0.17357730865478516,0.0023013133484166316,0.1713886260986328,0.17597675323486328,3
majority,17,sbc_half,z3,smt,SAT,0.0151824951171875,0.01567991574605306,0.0008872840341987484,0.015152931213378906,0.016704320907592773,3
majority,17,sbc_half,cvc5,smt,SAT,0.009926795959472656,0.009900172551472982,0.000662132321710201,0.009225130081176758,0.010548591613769531,3
majority,19,base,gecode,minizinc,SAT,0.16664791107177734,0.16339675585428873,0.006293207466579274,0.1561429500579834,0.16739940643310547,3
majority,19,base,chuffed,minizinc,SAT,0.17288684844970703,0.1745451291402181,0.002990899187352128,0.17275071144104004,0.17799782752990723,3
majority,19,base,z3,smt,SAT,0.020760536193847656,0.021114667256673176,0.0006591085967342299,0.020708322525024414,0.02187514305114746,3
majority,19,base,cvc5,smt,SAT,0.012369394302368164,0.01227267583211263,0.0010964723567942372,0.011131048202514648,0.013317584991455078,3
majority,19,sbc,gecode,minizinc,SAT,0.17029809951782227,0.1674505074818929,0.00601317646740257,0.16054248809814453,0.17151093482971191,3
majority,19,sbc,chuffed,minizinc,SAT,0.17020535469055176,0.16976300875345865,0.001310146892136055,0.1682889461517334,0.17079472541809082,3
majority,19,sbc,z3,smt,SAT,0.021100759506225586,0.02070299784342448,0.0015871946583184973,0.018954753875732422,0.02205348014831543,3
majority,19,sbc,cvc5,smt,SAT,0.014195919036865234,0.014235496520996094,0.00018417707924263936,0.014074325561523438,0.01443624496459961,3
majority,19,sbc_half,gecode,minizinc,SAT,0.16991114616394043,0.17096614837646484,0.002659873952332461,0.16899561882019043,0.17399168014526367,3
majority,19,sbc_half,chuffed,minizinc,SAT,0.16330671310424805,0.1668256918589274,0.007963440522263443,0.16122794151306152,0.17594242095947266,3
majority,19,sbc_half,z3,smt,SAT,0.013668298721313477,0.013879696528116861,0.0006756808330923651,0.013334989547729492,0.014635801315307617,3
majority,19,sbc_half,cvc5,smt,SAT,0.009232282638549805,0.009676615397135416,0.0013802146131532184,0.008573293685913086,0.01122426986694336,3
majority,21,base,gecode,minizinc,SAT,0.17066597938537598,0.1759962240854899,0.009673496321930168,0.17016029357910156,0.1871623992919922,3
majority,21,base,chuffed,minizinc,SAT,0.1713552474975586,0.17972834904988608,0.02728175683595798,0.15761446952819824,0.21021533012390137,3
majority,21,base,z3,smt,SAT,0.02525782585144043,0.023910681406656902,0.0026247046723090863,0.020885944366455078,0.025588274002075195,3
majority,21,base,cvc5,smt,SAT,0.012528419494628906,0.012885252634684244,0.0018513067465650993,0.011238336563110352,0.014889001846313477,3
majority,21,sbc,gecode,minizinc,SAT,0.17341828346252441,0.1752134164174398,0.012297823600308821,0.1639118194580078,0.1883101463317871,3
majority,21,sbc,chuffed,minizinc,SAT,0.1709766387939453,0.16811188062032065,0.0073407283645643105,0.15977072715759277,0.17358827590942383,3
majority,21,sbc,z3,smt,SAT,0.022522449493408203,0.02198449770609538,0.001028414895256204,0.020798683166503906,0.022632360458374023,3
majority,21,sbc,cvc5,smt,SAT,0.012966156005859375,0.01365971565246582,0.001478719368410226,0.012655258178710938,0.015357732772827148,3
majority,21,sbc_half,gecode,minizinc,SAT,0.16731476783752441,0.16880480448404947,0.002613925013676029,0.16727662086486816,0.17182302474975586,3
majority,21,sbc_half,chuffed,minizinc,SAT,0.16989874839782715,0.16787433624267578,0.005029584263667398,0.16214799880981445,0.17157626152038574,3
majority,21,sbc_half,z3,smt,SAT,0.013724803924560547,0.014015992482503256,0.0009776959990424646,0.013216972351074219,0.015106201171875,3
majority,21,sbc_half,cvc5,smt,SAT,0.009888887405395508,0.009744087855021158,0.0014649754550807655,0.008212089538574219,0.01113128662109375,3
majority,31,base,gecode,minizinc,SAT,0.1802973747253418,0.18024563789367676,0.008793348976059536,0.17142653465270996,0.18901300430297852,3
majority,31,base,chuffed,minizinc,SAT,0.1720895767211914,0.1708549658457438,0.0072597386924377425,0.1630570888519287,0.17741823196411133,3
majority,31,base,z3,smt,SAT,0.020212411880493164,0.021229267120361328,0.002671655332550545,0.01921534538269043,0.02426004409790039,3
majority,31,base,cvc5,smt,SAT,0.018035888671875,0.01903645197550456,0.001804311297920008,0.017954111099243164,0.021119356155395508,3
majority,31,sbc,gecode,minizinc,SAT,0.17886972427368164,0.17857917149861655,0.003484762567325342,0.1749582290649414,0.18190956115722656,3
majority,31,sbc,chuffed,minizinc,SAT,0.1736607551574707,0.17455315589904785,0.002540929080285739,0.1725788116455078,0.17741990089416504,3
majority,31,sbc,z3,smt,SAT,0.024352550506591797,0.023226181666056316,0.0038092699359322103,0.018980741500854492,0.026345252990722656,3
majority,31,sbc,cvc5,smt,SAT,0.0203859806060791,0.01960587501525879,0.0033025575052056874,0.015983104705810547,0.02244853973388672,3
majority,31,sbc_half,gecode,minizinc,SAT,0.1731424331665039,0.17459185918172201,0.0048165553391248915,0.17066645622253418,0.17996668815612793,3
majority,31,sbc_half,chuffed,minizinc,SAT,0.1714632511138916,0.16958355903625488,0.009335490154221669,0.15945124626159668,0.17783617973327637,3
majority,31,sbc_half,z3,smt,SAT,0.01598501205444336,0.015969038009643555,0.0013081566840910722,0.01465296745300293,0.017269134521484375,3
majority,31,sbc_half,cvc5,smt,SAT,0.012322187423706055,0.012327035268147787,0.00021974283072340403,0.012109756469726562,0.012549161911010742,3
majority,51,base,gecode,minizinc,SAT,0.1782515048980713,0.17943549156188965,0.0030607697948448645,0.17714357376098633,0.18291139602661133,3
majority,51,base,chuffed,minizinc,SAT,0.16919660568237305,0.17053922017415366,0.00479952587209455,0.16655397415161133,0.17586708068847656,3
majority,51,base,z3,smt,SAT,0.024587154388427734,0.02358412742614746,0.0039192055571317785,0.019260883331298828,0.02690434455871582,3
majority,51,base,cvc5,smt,SAT,0.02827620506286621,0.028434594472249348,0.0022832863773248513,0.02623462677001953,0.030792951583862305,3
majority,51,sbc,gecode,minizinc,SAT,0.17590594291687012,0.1776398022969564,0.006647381426088864,0.17203116416931152,0.1849822998046875,3
majority,51,sbc,chuffed,minizinc,SAT,0.17003989219665527,0.17133688926696777,0.013310227444114255,0.1587226390838623,0.18524813652038574,3
majority,51,sbc,z3,smt,SAT,0.022776365280151367,0.023241519927978516,0.0009961978185374083,0.02256298065185547,0.02438521385192871,3
majority,51,sbc,cvc5,smt,SAT,0.028408527374267578,0.027700026830037434,0.0026325234226779993,0.024785757064819336,0.02990579605102539,3
majority,51,sbc_half,gecode,minizinc,SAT,0.1783590316772461,0.18234586715698242,0.007422719601931487,0.17776846885681152,0.19091010093688965,3
majority,51,sbc_half,chuffed,minizinc,SAT,0.1683213710784912,0.17256601651509604,0.013349678979920414,0.16185474395751953,0.18752193450927734,3
majority,51,sbc_half,z3,smt,SAT,0.01927495002746582,0.01860984166463216,0.0018279745776659023,0.016542434692382812,0.02001214027404785,3
majority,51,sbc_half,cvc5,smt,SAT,0.018723011016845703,0.018665631612141926,0.0004739656613508355,0.01816558837890625,0.019108295440673828,3
majority,71,base,gecode,minizinc,SAT,0.17660284042358398,0.17633946736653647,0.005000312437041649,0.17121267318725586,0.18120288848876953,3
majority,71,base,chuffed,minizinc,SAT,0.1726529598236084,0.17177820205688477,0.003098237931867543,0.1683366298675537,0.1743450164794922,3
majority,71,base,z3,smt,SAT,0.024016380310058594,0.02434961001078288,0.0006934040437488443,0.023885726928710938,0.0251467227935791,3
majority,71,base,cvc5,smt,SAT,0.04146838188171387,0.0418392022450765,0.0012811555030110607,0.040784358978271484,0.04326486587524414,3
majority,71,sbc,gecode,minizinc,SAT,0.16736698150634766,0.16676783561706543,0.0030207193543791977,0.16349244117736816,0.16944408416748047,3
majority,71,sbc,chuffed,minizinc,SAT,0.17357826232910156,0.1745000680287679,0.003370697083302295,0.17168617248535156,0.17823576927185059,3
majority,71,sbc,z3,smt,SAT,0.025159358978271484,0.024121205012003582,0.0029838405350356605,0.020756959915161133,0.026447296142578125,3
majority,71,sbc,cvc5,smt,SAT,0.0398867130279541,0.03983171780904134,0.0004040751343785931,0.03940296173095703,0.04020547866821289,3
majority,71,sbc_half,gecode,minizinc,SAT,0.18368768692016602,0.18270190556844076,0.005537905242742214,0.17673730850219727,0.18768072128295898,3
majority,71,sbc_half,chuffed,minizinc,SAT,0.17731022834777832,0.18643848101298013,0.03230119859608977,0.1596837043762207,0.2223215103149414,3
majority,71,sbc_half,z3,smt,SAT,0.015816688537597656,0.019999980926513672,0.007692607713014247,0.015305519104003906,0.028877735137939453,3
majority,71,sbc_half,cvc5,smt,SAT,0.025131702423095703,0.025532325108846027,0.003365210470412817,0.022385358810424805,0.029079914093017578,3
neg_and_tree,8,base,gecode,minizinc,SAT,0.16944241523742676,0.1692058245340983,0.004076269188775891,0.16501641273498535,0.1731586456298828,3
neg_and_tree,8,base,chuffed,minizinc,SAT,0.17194271087646484,0.16758290926615396,0.007628336074293627,0.15877461433410645,0.17203140258789062,3
neg_and_tree,8,base,z3,smt,SAT,0.015905380249023438,0.015580972035725912,0.0021064129173823556,0.013331174850463867,0.01750636100769043,3
neg_and_tree,8,base,cvc5,smt,SAT,0.009443044662475586,0.009322484334309896,0.000882505471469006,0.008385896682739258,0.010138511657714844,3
neg_and_tree,8,sbc,gecode,minizinc,SAT,0.17601442337036133,0.1764079729715983,0.0006984392550527197,0.1759951114654541,0.1772143840789795,3
neg_and_tree,8,sbc,chuffed,minizinc,SAT,0.15716218948364258,0.1622436841328939,0.00917431882327238,0.15673446655273438,0.1728343963623047,3
neg_and_tree,8,sbc,z3,smt,SAT,0.017205476760864258,0.017168680826822918,0.0007799223955413019,0.01637101173400879,0.017929553985595703,3
neg_and_tree,8,sbc,cvc5,smt,SAT,0.010823965072631836,0.010673999786376953,0.0008575883811738588,0.009751319885253906,0.011446714401245117,3
neg_and_tree,8,sbc_half,gecode,minizinc,SAT,0.1718888282775879,0.1701046625773112,0.0034414845450939317,0.1661374568939209,0.1722877025604248,3
neg_and_tree,8,sbc_half,chuffed,minizinc,SAT,0.1717841625213623,0.16993864377339682,0.004400362584794575,0.1649160385131836,0.17311573028564453,3
neg_and_tree,8,sbc_half,z3,smt,SAT,0.012695550918579102,0.012961387634277344,0.0008639170495811145,0.012261629104614258,0.013926982879638672,3
neg_and_tree,8,sbc_half,cvc5,smt,SAT,0.007606029510498047,0.007447640101114909,0.0007040705442652438,0.006677865982055664,0.008059024810791016,3
neg_and_tree,16,base,gecode,minizinc,SAT,0.18197154998779297,0.17325290044148764,0.019537432679299405,0.15087413787841797,0.18691301345825195,3
neg_and_tree,16,base,chuffed,minizinc,SAT,0.17304134368896484,0.17858171463012695,0.020819340858563604,0.16109299659729004,0.20161080360412598,3
neg_and_tree,16,base,z3,smt,SAT,0.01466989517211914,0.01622327168782552,0.002950263455380014,0.014374256134033203,0.01962566375732422,3
neg_and_tree,16,base,cvc5,smt,SAT,0.013774633407592773,0.014882167180379232,0.0020947763855883785,0.013573646545410156,0.017298221588134766,3
neg_and_tree,16,sbc,gecode,minizinc,SAT,0.16748285293579102,0.1718567212422689,0.011960560954494546,0.16269874572753906,0.18538856506347656,3
neg_and_tree,16,sbc,chuffed,minizinc,SAT,0.16743946075439453,0.1681532065073649,0.001295744819379388,0.16737127304077148,0.1696488857269287,3
neg_and_tree,16,sbc,z3,smt,SAT,0.0167391300201416,0.017439762751261394,0.0014830670008916936,0.01643681526184082,0.019143342971801758,3
neg_and_tree,16,sbc,cvc5,smt,SAT,0.014129400253295898,0.013607978820800781,0.001244372756960394,0.012187719345092773,0.014506816864013672,3
neg_and_tree,16,sbc_half,gecode,minizinc,SAT,0.17148828506469727,0.17271931966145834,0.0051764156026577884,0.16826939582824707,0.17840027809143066,3
neg_and_tree,16,sbc_half,chuffed,minizinc,SAT,0.169830322265625,0.17221736907958984,0.008504130066309425,0.1651618480682373,0.18165993690490723,3
neg_and_tree,16,sbc_half,z3,smt,SAT,0.016242265701293945,0.01631482442220052,0.0005869030763993504,0.015767574310302734,0.016934633255004883,3
neg_and_tree,16,sbc_half,cvc5,smt,SAT,0.011360883712768555,0.012233257293701172,0.0019489894347877693,0.010872840881347656,0.014466047286987305,3
neg_and_tree,32,base,gecode,minizinc,SAT,0.17414474487304688,0.17279934883117676,0.005517106526157316,0.166733980178833,0.1775193214416504,3
neg_and_tree,32,base,chuffed,minizinc,SAT,0.17598485946655273,0.17810678482055664,0.011562680839833975,0.16775202751159668,0.1905834674835205,3
neg_and_tree,32,base,z3,smt,SAT,0.01672506332397461,0.016534169514973957,0.00040832662666044503,0.016065359115600586,0.01681208610534668,3
neg_and_tree,32,base,cvc5,smt,SAT,0.024294614791870117,0.025944073994954426,0.006383532779044806,0.020547151565551758,0.032990455627441406,3
neg_and_tree,32,sbc,gecode,minizinc,SAT,0.18662571907043457,0.18563032150268555,0.02100580244236204,0.16414451599121094,0.20612072944641113,3
neg_and_tree,32,sbc,chuffed,minizinc,SAT,0.1684422492980957,0.16958165168762207,0.006743889709473131,0.16348004341125488,0.17682266235351562,3
neg_and_tree,32,sbc,z3,smt,SAT,0.02021932601928711,0.019512732823689777,0.002471509393163898,0.01676487922668457,0.021553993225097656,3
neg_and_tree,32,sbc,cvc5,smt,SAT,0.020404577255249023,0.02109249432881673,0.0014101845729820428,0.02015829086303711,0.022714614868164062,3
neg_and_tree,32,sbc_half,gecode,minizinc,SAT,0.1733856201171875,0.17311199506123862,0.010190023922758338,0.16278791427612305,0.18316245079040527,3
neg_and_tree,32,sbc_half,chuffed,minizinc,SAT,0.16858553886413574,0.16853841145833334,0.0019000384244610721,0.16661524772644043,0.17041444778442383,3
neg_and_tree,32,sbc_half,z3,smt,SAT,0.01893329620361328,0.018043120702107746,0.0017808961770764675,0.01599264144897461,0.01920342445373535,3
neg_and_tree,32,sbc_half,cvc5,smt,SAT,0.016703128814697266,0.0160524845123291,0.0011697409578189564,0.014702081680297852,0.016752243041992188,3
neg_and_tree,64,base,gecode,minizinc,SAT,0.17903542518615723,0.18152395884195963,0.00850412430228758,0.17454171180725098,0.1909947395324707,3
neg_and_tree,64,base,chuffed,minizinc,SAT,0.17630553245544434,0.17291998863220215,0.006707026952888468,0.16519498825073242,0.1772594451904297,3
neg_and_tree,64,base,z3,smt,SAT,0.021155118942260742,0.020839691162109375,0.001032775044668089,0.019685983657836914,0.02167797088623047,3
neg_and_tree,64,base,cvc5,smt,SAT,0.041785240173339844,0.04158290227254232,0.002167405819308087,0.0393214225769043,0.04364204406738281,3
neg_and_tree,64,sbc,gecode,minizinc,SAT,0.17921781539916992,0.18198132514953613,0.011510280017392302,0.1721043586730957,0.19462180137634277,3
neg_and_tree,64,sbc,chuffed,minizinc,SAT,0.1799333095550537,0.17968463897705078,0.0024897190350485687,0.1770799160003662,0.18204069137573242,3
neg_and_tree,64,sbc,z3,smt,SAT,0.020621299743652344,0.020550330479939777,0.0012871404165007308,0.01922917366027832,0.021800518035888672,3
neg_and_tree,64,sbc,cvc5,smt,SAT,0.03928995132446289,0.04041751225789388,0.004301556080491787,0.03679203987121582,0.04517054557800293,3
neg_and_tree,64,sbc_half,gecode,minizinc,SAT,0.18018603324890137,0.17797462145487467,0.004736512303499832,0.17253684997558594,0.18120098114013672,3
neg_and_tree,64,sbc_half,chuffed,minizinc,SAT,0.1870870590209961,0.18071413040161133,0.013584038249138931,0.1651153564453125,0.1899399757385254,3
neg_and_tree,64,sbc_half,z3,smt,SAT,0.020530223846435547,0.020618677139282227,0.00038008984201000264,0.020290613174438477,0.021035194396972656,3
neg_and_tree,64,sbc_half,cvc5,smt,SAT,0.027828216552734375,0.027269363403320312,0.003049872717677762,0.023978710174560547,0.030001163482666016,3
neg_and_tree,128,base,gecode,minizinc,SAT,0.19202733039855957,0.19701369603474936,0.01067703216653541,0.1897420883178711,0.20927166938781738,3
neg_and_tree,128,base,chuffed,minizinc,SAT,0.18483257293701172,0.1848138173421224,0.005074288615759236,0.17973017692565918,0.1898787021636963,3
neg_and_tree,128,base,z3,smt,SAT,0.023650407791137695,0.023412307103474934,0.0007751338671736231,0.022546052932739258,0.02404046058654785,3
neg_and_tree,128,base,cvc5,smt,SAT,0.0835275650024414,0.08263810475667317,0.007329522222750147,0.0749044418334961,0.08948230743408203,3
neg_and_tree,128,sbc,gecode,minizinc,SAT,0.19042754173278809,0.19958782196044922,0.01814647581340288,0.18784737586975098,0.2204885482788086,3
neg_and_tree,128,sbc,chuffed,minizinc,SAT,0.17694616317749023,0.177061398824056,0.0011706054166403343,0.17595267295837402,0.1782853603363037,3
neg_and_tree,128,sbc,z3,smt,SAT,0.025783538818359375,0.027790387471516926,0.004638943233220444,0.024492740631103516,0.03309488296508789,3
neg_and_tree,128,sbc,cvc5,smt,SAT,0.08393049240112305,0.0829172134399414,0.002854078089295615,0.07969474792480469,0.08512639999389648,3
neg_and_tree,128,sbc_half,gecode,minizinc,SAT,0.18275141716003418,0.18679261207580566,0.021967371388460666,0.16712641716003418,0.21050000190734863,3
neg_and_tree,128,sbc_half,chuffed,minizinc,SAT,0.1784825325012207,0.1761611302693685,0.004458011320487118,0.1710214614868164,0.17897939682006836,3
neg_and_tree,128,sbc_half,z3,smt,SAT,0.02556443214416504,0.0259250005086263,0.0025998211193376357,0.02352428436279297,0.0286862850189209,3
neg_and_tree,128,sbc_half,cvc5,smt,SAT,0.04714250564575195,0.047586282094319664,0.0018798204354301398,0.045968055725097656,0.049648284912109375,3
neg_and_tree,256,base,gecode,minizinc,SAT,0.18998456001281738,0.19530582427978516,0.010360035213580135,0.18868780136108398,0.2072451114654541,3
neg_and_tree,256,base,chuffed,minizinc,SAT,0.19009685516357422,0.18963400522867838,0.0018183274302773966,0.18762898445129395,0.191176176071167,3
neg_and_tree,256,base,z3,smt,SAT,0.033007144927978516,0.032125234603881836,0.0016333157235215014,0.030240535736083984,0.03312802314758301,3
neg_and_tree,256,base,cvc5,smt,SAT,0.18066906929016113,0.18225948015848795,0.003952977354860179,0.17934942245483398,0.18675994873046875,3
neg_and_tree,256,sbc,gecode,minizinc,SAT,0.19744610786437988,0.19815421104431152,0.00383166303717222,0.19472599029541016,0.20229053497314453,3
neg_and_tree,256,sbc,chuffed,minizinc,SAT,0.1926097869873047,0.19342565536499023,0.014901947099941663,0.17894840240478516,0.20871877670288086,3
neg_and_tree,256,sbc,z3,smt,SAT,0.033408403396606445,0.033403635025024414,0.0005695969550495718,0.032831668853759766,0.03397083282470703,3
neg_and_tree,256,sbc,cvc5,smt,SAT,0.2141420841217041,0.21514145533243814,0.02178064621492689,0.1938776969909668,0.23740458488464355,3
neg_and_tree,256,sbc_half,gecode,minizinc,SAT,0.19088506698608398,0.19101929664611816,0.002681034858986238,0.18840789794921875,0.19376492500305176,3
neg_and_tree,256,sbc_half,chuffed,minizinc,SAT,0.18896269798278809,0.186663548151652,0.0050571576920276605,0.18086528778076172,0.19016265869140625,3
neg_and_tree,256,sbc_half,z3,smt,SAT,0.030345439910888672,0.031030019124348957,0.0014708848187987955,0.03002619743347168,0.03271842002868652,3
neg_and_tree,256,sbc_half,cvc5,smt,SAT,0.13691043853759766,0.13737050692240396,0.016672246738777877,0.12093305587768555,0.1542680263519287,3
neg_and_tree,512,base,gecode,minizinc,SAT,0.23621702194213867,0.23828895886739096,0.011701104213201469,0.22776222229003906,0.2508876323699951,3
neg_and_tree,512,base,chuffed,minizinc,SAT,0.2341480255126953,0.23359409968058267,0.01081315363382685,0.22251462936401367,0.24411964416503906,3
neg_and_tree,512,base,z3,smt,SAT,0.05917096138000488,0.05855433146158854,0.0021632449156182626,0.05614972114562988,0.06034231185913086,3
neg_and_tree,512,base,cvc5,smt,SAT,0.5895330905914307,0.6006790002187093,0.019628681360334462,0.589160680770874,0.6233432292938232,3
neg_and_tree,512,sbc,gecode,minizinc,SAT,0.24134159088134766,0.24106176694234213,0.004983479448313416,0.23594427108764648,0.24589943885803223,3
neg_and_tree,512,sbc,chuffed,minizinc,SAT,0.21437931060791016,0.22143451372782388,0.012453186286802337,0.2141108512878418,0.23581337928771973,3
neg_and_tree,512,sbc,z3,smt,SAT,0.052602291107177734,0.051928043365478516,0.0012246319431309504,0.05051445960998535,0.05266737937927246,3
neg_and_tree,512,sbc,cvc5,smt,SAT,0.5315804481506348,0.5427829424540201,0.041847000054024294,0.5076773166656494,0.5890910625457764,3
neg_and_tree,512,sbc_half,gecode,minizinc,SAT,0.2098855972290039,0.21323513984680176,0.008966436245491495,0.20642566680908203,0.22339415550231934,3
neg_and_tree,512,sbc_half,chuffed,minizinc,SAT,0.22098398208618164,0.21786959966023764,0.018668533046088513,0.19783973693847656,0.2347850799560547,3
neg_and_tree,512,sbc_half,z3,smt,SAT,0.04356741905212402,0.044391234715779625,0.002571218280739391,0.04233288764953613,0.04727339744567871,3
neg_and_tree,512,sbc_half,cvc5,smt,SAT,0.23988676071166992,0.2392710049947103,0.004003672513675135,0.23499512672424316,0.24293112754821777,3
neg_and_tree,1024,base,gecode,minizinc,SAT,0.29003047943115234,0.28918202718098956,0.014756626250095767,0.2740194797515869,0.3034961223602295,3
neg_and_tree,1024,base,chuffed,minizinc,SAT,0.28856420516967773,0.2931230068206787,0.025607276427780965,0.27010130882263184,0.32070350646972656,3
neg_and_tree,1024,base,z3,smt,SAT,0.07681846618652344,0.08136264483133952,0.009899031094178752,0.07455158233642578,0.09271788597106934,3
neg_and_tree,1024,base,cvc5,smt,SAT,1.4642345905303955,1.473501443862915,0.03483330061702625,1.4442386627197266,1.512031078338623,3
neg_and_tree,1024,sbc,gecode,minizinc,SAT,0.27219653129577637,0.27431503931681317,0.005457124708977484,0.2702348232269287,0.2805137634277344,3
neg_and_tree,1024,sbc,chuffed,minizinc,SAT,0.27548789978027344,0.27294206619262695,0.0073976666676380505,0.26460766792297363,0.2787306308746338,3
neg_and_tree,1024,sbc,z3,smt,SAT,0.07697248458862305,0.07698782285054524,8.179054676342089e-05,0.07691478729248047,0.07707619667053223,3
neg_and_tree,1024,sbc,cvc5,smt,SAT,1.4355823993682861,1.4529047012329102,0.03328380774734498,1.431854486465454,1.4912772178649902,3
neg_and_tree,1024,sbc_half,gecode,minizinc,SAT,0.24265360832214355,0.24361840883890787,0.017070012292759167,0.2270512580871582,0.2611503601074219,3
neg_and_tree,1024,sbc_half,chuffed,minizinc,SAT,0.25005054473876953,0.25365440050760907,0.019904185393374463,0.23579835891723633,0.2751142978668213,3
neg_and_tree,1024,sbc_half,z3,smt,SAT,0.06904006004333496,0.06809067726135254,0.0020807336193788516,0.0657045841217041,0.06952738761901855,3
neg_and_tree,1024,sbc_half,cvc5,smt,SAT,0.6681051254272461,0.6555294195810953,0.03146015136745901,0.6197266578674316,0.6787564754486084,3
neg_and_tree,2048,base,gecode,minizinc,SAT,0.3963649272918701,0.39623506863911945,0.0048130778060724196,0.3913583755493164,0.4009819030761719,3
neg_and_tree,2048,base,chuffed,minizinc,SAT,0.4092402458190918,0.40587401390075684,0.007606203786040669,0.39716553688049316,0.41121625900268555,3
neg_and_tree,2048,base,z3,smt,SAT,0.15807414054870605,0.1597146193186442,0.004662731185024999,0.15609383583068848,0.16497588157653809,3
neg_and_tree,2048,base,cvc5,smt,SAT,3.9510650634765625,3.9570675690968833,0.03134890370399998,3.9291539192199707,3.990983724594116,3
neg_and_tree,2048,sbc,gecode,minizinc,SAT,0.3949851989746094,0.39473843574523926,0.004925002062385059,0.3896946907043457,0.3995354175567627,3
neg_and_tree,2048,sbc,chuffed,minizinc,SAT,0.4020977020263672,0.39928213755289715,0.0081259313129076,0.3901228904724121,0.4056258201599121,3
neg_and_tree,2048,sbc,z3,smt,SAT,0.1651155948638916,0.1643517017364502,0.005013199864327556,0.15900039672851562,0.16893911361694336,3
neg_and_tree,2048,sbc,cvc5,smt,SAT,3.908234119415283,3.909693797429403,0.008962463789175387,3.901550769805908,3.9192965030670166,3
neg_and_tree,2048,sbc_half,gecode,minizinc,SAT,0.3367891311645508,0.34013978640238446,0.011554400839212907,0.3306310176849365,0.352999210357666,3
neg_and_tree,2048,sbc_half,chuffed,minizinc,SAT,0.3595700263977051,0.357770840326945,0.007835355248379305,0.34919238090515137,0.3645501136779785,3
neg_and_tree,2048,sbc_half,z3,smt,SAT,0.1344470977783203,0.13382379213968912,0.0016560221609765481,0.13194656372070312,0.13507771492004395,3
neg_and_tree,2048,sbc_half,cvc5,smt,SAT,1.9167332649230957,1.929810603459676,0.024304676113083706,1.9148445129394531,1.9578540325164795,3
neg_or_tree,8,base,gecode,minizinc,SAT,0.16525053977966309,0.16354012489318848,0.0033092760815393745,0.15972566604614258,0.16564416885375977,3
neg_or_tree,8,base,chuffed,minizinc,SAT,0.14378595352172852,0.14636659622192383,0.004863993974622666,0.14333677291870117,0.1519770622253418,3
neg_or_tree,8,base,z3,smt,SAT,0.02139878273010254,0.020742416381835938,0.002366099649022158,0.018117427825927734,0.02271103858947754,3
neg_or_tree,8,base,cvc5,smt,SAT,0.009950399398803711,0.009527285893758139,0.0010528733259612324,0.008328676223754883,0.01030278205871582,3
neg_or_tree,8,sbc,gecode,minizinc,SAT,0.15799498558044434,0.1596524715423584,0.00948081298287076,0.1511096954345703,0.16985273361206055,3
neg_or_tree,8,sbc,chuffed,minizinc,SAT,0.1535482406616211,0.15378387769063315,0.005275502356228143,0.14863014221191406,0.15917325019836426,3
neg_or_tree,8,sbc,z3,smt,SAT,0.015405654907226562,0.015311241149902344,0.00027311792632066977,0.015003442764282227,0.015524625778198242,3
neg_or_tree,8,sbc,cvc5,smt,SAT,0.007432699203491211,0.007295449574788411,0.0006100038162411633,0.006628513336181641,0.007825136184692383,3
neg_or_tree,8,sbc_half,gecode,minizinc,SAT,0.16077780723571777,0.15957172711690268,0.006033207984958924,0.15302658081054688,0.16491079330444336,3
neg_or_tree,8,sbc_half,chuffed,minizinc,SAT,0.16354680061340332,0.1590581734975179,0.010929013778761475,0.14659953117370605,0.16702818870544434,3
neg_or_tree,8,sbc_half,z3,smt,SAT,0.012836217880249023,0.014172712961832682,0.002827991404123213,0.012260675430297852,0.017421245574951172,3
neg_or_tree,8,sbc_half,cvc5,smt,SAT,0.007848024368286133,0.00802906354268392,0.0016043683697375148,0.0065228939056396484,0.009716272354125977,3
neg_or_tree,16,base,gecode,minizinc,SAT,0.15801310539245605,0.15852753321329752,0.0009464692194086974,0.15794968605041504,0.15961980819702148,3
neg_or_tree,16,base,chuffed,minizinc,SAT,0.15852904319763184,0.1583369572957357,0.0017793623464495523,0.15646934509277344,0.16001248359680176,3
neg_or_tree,16,base,z3,smt,SAT,0.02044224739074707,0.021109739939371746,0.002656576814615627,0.01885056495666504,0.024036407470703125,3
neg_or_tree,16,base,cvc5,smt,SAT,0.014410018920898438,0.01334706942240397,0.0019234266387406767,0.01112675666809082,0.014504432678222656,3
neg_or_tree,16,sbc,gecode,minizinc,SAT,0.15496540069580078,0.15719922383626303,0.008669812620493714,0.14986491203308105,0.16676735877990723,3
neg_or_tree,16,sbc,chuffed,minizinc,SAT,0.15099024772644043,0.15083845456441244,0.00120974687340233,0.14955997467041016,0.15196514129638672,3
neg_or_tree,16,sbc,z3,smt,SAT,0.016163349151611328,0.01649363835652669,0.0010393475692560318,0.015659570693969727,0.017657995223999023,3
neg_or_tree,16,sbc,cvc5,smt,SAT,0.012068510055541992,0.012433211008707682,0.0011875378447073915,0.011470794677734375,0.01376032829284668,3
neg_or_tree,16,sbc_half,gecode,minizinc,SAT,0.1587049961090088,0.1583245595296224,0.004132431729557102,0.15401506423950195,0.16225361824035645,3
neg_or_tree,16,sbc_half,chuffed,minizinc,SAT,0.15996956825256348,0.16852736473083496,0.017477103466289872,0.15697836875915527,0.18863415718078613,3
neg_or_tree,16,sbc_half,z3,smt,SAT,0.014023303985595703,0.013901233673095703,0.0010688262354782894,0.012776613235473633,0.014903783798217773,3
neg_or_tree,16,sbc_half,cvc5,smt,SAT,0.00927877426147461,0.009823481241861979,0.001314019775602828,0.008869409561157227,0.011322259902954102,3
neg_or_tree,32,base,gecode,minizinc,SAT,0.1585407257080078,0.15887896219889322,0.004513480593435024,0.15454411506652832,0.16355204582214355,3
neg_or_tree,32,base,chuffed,minizinc,SAT,0.16225433349609375,0.16335058212280273,0.005457170575524892,0.158524751663208,0.16927266120910645,3
neg_or_tree,32,base,z3,smt,SAT,0.01912236213684082,0.020509084065755207,0.002704438518313647,0.018779277801513672,0.023625612258911133,3
neg_or_tree,32,base,cvc5,smt,SAT,0.01903557777404785,0.018688042958577473,0.0006842696430839001,0.017899751663208008,0.019128799438476562,3
neg_or_tree,32,sbc,gecode,minizinc,SAT,0.15934467315673828,0.16161052385965982,0.006102526910304898,0.15696501731872559,0.16852188110351562,3
neg_or_tree,32,sbc,chuffed,minizinc,SAT,0.1511518955230713,0.15171519915262857,0.007674478975426247,0.14433789253234863,0.15965580940246582,3
neg_or_tree,32,sbc,z3,smt,SAT,0.015803813934326172,0.01567840576171875,0.0022482893246977436,0.013370037078857422,0.017861366271972656,3
neg_or_tree,32,sbc,cvc5,smt,SAT,0.01893162727355957,0.018161853154500324,0.0023196789492839266,0.015555143356323242,0.019998788833618164,3
neg_or_tree,32,sbc_half,gecode,minizinc,SAT,0.16737866401672363,0.16644827524820963,0.008069905469648512,0.15795350074768066,0.1740126609802246,3
neg_or_tree,32,sbc_half,chuffed,minizinc,SAT,0.15361714363098145,0.1553796927134196,0.005930894383878964,0.1505298614501953,0.16199207305908203,3
neg_or_tree,32,sbc_half,z3,smt,SAT,0.015622138977050781,0.016960779825846355,0.0028364750173203736,0.015041351318359375,0.020218849182128906,3
neg_or_tree,32,sbc_half,cvc5,smt,SAT,0.013962984085083008,0.013670921325683594,0.0010222942461321737,0.012534379959106445,0.014515399932861328,3
neg_or_tree,64,base,gecode,minizinc,SAT,0.17240023612976074,0.1739943822224935,0.007348144163528844,0.16757416725158691,0.1820087432861328,3
neg_or_tree,64,base,chuffed,minizinc,SAT,0.15831398963928223,0.1614230473836263,0.011832589361567444,0.15145540237426758,0.1744997501373291,3
neg_or_tree,64,base,z3,smt,SAT,0.02264714241027832,0.02357904116312663,0.0035825345345494733,0.020554542541503906,0.027535438537597656,3
neg_or_tree,64,base,cvc5,smt,SAT,0.03472590446472168,0.03550426165262858,0.0032441544861522773,0.032720088958740234,0.03906679153442383,3
neg_or_tree,64,sbc,gecode,minizinc,SAT,0.16770625114440918,0.167144775390625,0.005840669695062852,0.16104364395141602,0.1726844310760498,3
neg_or_tree,64,sbc,chuffed,minizinc,SAT,0.15466713905334473,0.15776753425598145,0.012394774105715817,0.1472172737121582,0.1714181900024414,3
neg_or_tree,64,sbc,z3,smt,SAT,0.020124197006225586,0.019196748733520508,0.002075499175330999,0.016819238662719727,0.02064681053161621,3
neg_or_tree,64,sbc,cvc5,smt,SAT,0.0316472053527832,0.03182633717854818,0.0015849874970506384,0.030338525772094727,0.0334932804107666,3
neg_or_tree,64,sbc_half,gecode,minizinc,SAT,0.1653428077697754,0.1686689853668213,0.012223118450904397,0.15845322608947754,0.18221092224121094,3
neg_or_tree,64,sbc_half,chuffed,minizinc,SAT,0.16153597831726074,0.16201464335123697,0.0036038944561608715,0.15867400169372559,0.1658339500427246,3
neg_or_tree,64,sbc_half,z3,smt,SAT,0.015767812728881836,0.016016642252604168,0.0015286273033818217,0.014627695083618164,0.0176544189453125,3
neg_or_tree,64,sbc_half,cvc5,smt,SAT,0.025163888931274414,0.02545777956644694,0.0035515547650450574,0.022062301635742188,0.02914714813232422,3
neg_or_tree,128,base,gecode,minizinc,SAT,0.15895986557006836,0.16410589218139648,0.014558634219268578,0.15281915664672852,0.18053865432739258,3
neg_or_tree,128,base,chuffed,minizinc,SAT,0.1651461124420166,0.1672377586364746,0.007232739817650462,0.16128134727478027,0.17528581619262695,3
neg_or_tree,128,base,z3,smt,SAT,0.029477834701538086,0.030207316080729168,0.0028623494444122662,0.02778029441833496,0.03336381912231445,3
neg_or_tree,128,base,cvc5,smt,SAT,0.07791733741760254,0.08127307891845703,0.008847599975163298,0.07459425926208496,0.0913076400756836,3
neg_or_tree,128,sbc,gecode,minizinc,SAT,0.17238473892211914,0.17488996187845865,0.00705650939404,0.16942787170410156,0.18285727500915527,3
neg_or_tree,128,sbc,chuffed,minizinc,SAT,0.16381263732910156,0.165679931640625,0.005601264941158941,0.16125082969665527,0.17197632789611816,3
neg_or_tree,128,sbc,z3,smt,SAT,0.02352309226989746,0.024002790451049805,0.0017626911821956354,0.02252960205078125,0.025955677032470703,3
neg_or_tree,128,sbc,cvc5,smt,SAT,0.07377195358276367,0.07555476824442546,0.0054310286220654305,0.07123923301696777,0.08165311813354492,3
neg_or_tree,128,sbc_half,gecode,minizinc,SAT,0.17579102516174316,0.17492127418518066,0.004831970522887655,0.16971349716186523,0.1792593002319336,3
neg_or_tree,128,sbc_half,chuffed,minizinc,SAT,0.162733793258667,0.16125591595967612,0.004839358196018936,0.15584993362426758,0.16518402099609375,3
neg_or_tree,128,sbc_half,z3,smt,SAT,0.020087242126464844,0.02128156026204427,0.004311575726434783,0.017693042755126953,0.026064395904541016,3
neg_or_tree,128,sbc_half,cvc5,smt,SAT,0.044454097747802734,0.04463752110799154,0.003528596020496487,0.041204214096069336,0.04825425148010254,3
neg_or_tree,256,base,gecode,minizinc,SAT,0.1772315502166748,0.18155193328857422,0.008181811539266682,0.1764359474182129,0.19098830223083496,3
neg_or_tree,256,base,chuffed,minizinc,SAT,0.17731094360351562,0.17792908350626627,0.008023021534153938,0.17023301124572754,0.18624329566955566,3
neg_or_tree,256,base,z3,smt,SAT,0.03716444969177246,0.0381774107615153,0.0033142103624348323,0.03548789024353027,0.041879892349243164,3
neg_or_tree,256,base,cvc5,smt,SAT,0.1755375862121582,0.17514546712239584,0.0026352773142560037,0.17233610153198242,0.17756271362304688,3
neg_or_tree,256,sbc,gecode,minizinc,SAT,0.19018125534057617,0.1908546288808187,0.001751796735695111,0.18953943252563477,0.19284319877624512,3
neg_or_tree,256,sbc,chuffed,minizinc,SAT,0.1787264347076416,0.18262354532877603,0.013271225650355312,0.1717371940612793,0.19740700721740723,3
neg_or_tree,256,sbc,z3,smt,SAT,0.02929997444152832,0.029432217280069988,0.0019700465636388214,0.02753162384033203,0.03146505355834961,3
neg_or_tree,256,sbc,cvc5,smt,SAT,0.17272663116455078,0.1697115103403727,0.0060562579985652095,0.16273951530456543,0.17366838455200195,3
neg_or_tree,256,sbc_half,gecode,minizinc,SAT,0.17395424842834473,0.17736236254374185,0.0069163103078063795,0.17281150817871094,0.18532133102416992,3
neg_or_tree,256,sbc_half,chuffed,minizinc,SAT,0.17579960823059082,0.17657391230265299,0.006606485585452191,0.17038869857788086,0.1835334300994873,3
neg_or_tree,256,sbc_half,z3,smt,SAT,0.026624202728271484,0.025890588760375977,0.001368214264294351,0.02431201934814453,0.026735544204711914,3
neg_or_tree,256,sbc_half,cvc5,smt,SAT,0.10596084594726562,0.10419766108194987,0.00484686061837724,0.09871602058410645,0.10791611671447754,3
neg_or_tree,512,base,gecode,minizinc,SAT,0.20810985565185547,0.2097930113474528,0.011126450394761418,0.19960403442382812,0.2216651439666748,3
neg_or_tree,512,base,chuffed,minizinc,SAT,0.20780062675476074,0.20850618680318198,0.0018695902866425543,0.2070920467376709,0.21062588691711426,3
neg_or_tree,512,base,z3,smt,SAT,0.05379796028137207,0.05227533976236979,0.0032344105242903634,0.04856061935424805,0.05446743965148926,3
neg_or_tree,512,base,cvc5,smt,SAT,0.4670383930206299,0.45459787050882977,0.025143411846044177,0.4256594181060791,0.4710958003997803,3
neg_or_tree,512,sbc,gecode,minizinc,SAT,0.21454739570617676,0.21383221944173178,0.0014784072587982315,0.21213221549987793,0.21481704711914062,3
neg_or_tree,512,sbc,chuffed,minizinc,SAT,0.21146702766418457,0.21172730127970377,0.005337350822580536,0.20652484893798828,0.21719002723693848,3
neg_or_tree,512,sbc,z3,smt,SAT,0.04306483268737793,0.04376610120137533,0.0022463487065117753,0.04195404052734375,0.0462794303894043,3
neg_or_tree,512,sbc,cvc5,smt,SAT,0.39336156845092773,0.3954772154490153,0.009167729544219993,0.38755226135253906,0.4055178165435791,3
neg_or_tree,512,sbc_half,gecode,minizinc,SAT,0.1957237720489502,0.19663659731547037,0.0015878783391287342,0.19571590423583984,0.1984701156616211,3
neg_or_tree,512,sbc_half,chuffed,minizinc,SAT,0.1894371509552002,0.185958464940389,0.007315974366676428,0.1775522232055664,0.1908860206604004,3
neg_or_tree,512,sbc_half,z3,smt,SAT,0.03860950469970703,0.04066340128580729,0.004373251954893699,0.03769516944885254,0.045685529708862305,3
neg_or_tree,512,sbc_half,cvc5,smt,SAT,0.20917320251464844,0.2141118049621582,0.014186959353736211,0.20305418968200684,0.23010802268981934,3
neg_or_tree,1024,base,gecode,minizinc,SAT,0.27014899253845215,0.27393023173014325,0.007015201760223895,0.26961684226989746,0.2820248603820801,3
neg_or_tree,1024,base,chuffed,minizinc,SAT,0.2748727798461914,0.2759527365366618,0.009938594819645732,0.2665982246398926,0.28638720512390137,3
neg_or_tree,1024,base,z3,smt,SAT,0.08275794982910156,0.0823074181874593,0.001927580466493089,0.08019447326660156,0.0839698314666748,3
neg_or_tree,1024,base,cvc5,smt,SAT,1.3925704956054688,1.3895131746927898,0.04536851200347921,1.3426933288574219,1.4332756996154785,3
neg_or_tree,1024,sbc,gecode,minizinc,SAT,0.2713747024536133,0.2715446949005127,0.00041390062747546366,0.2712428569793701,0.2720165252685547,3
neg_or_tree,1024,sbc,chuffed,minizinc,SAT,0.28076744079589844,0.28603092829386395,0.01020594278710497,0.27953124046325684,0.2977941036224365,3
neg_or_tree,1024,sbc,z3,smt,SAT,0.07110095024108887,0.07273570696512859,0.0029908269277152434,0.07091856002807617,0.0761876106262207,3
neg_or_tree,1024,sbc,cvc5,smt,SAT,1.1658313274383545,1.1749942302703857,0.0209479325457677,1.160188913345337,1.1989624500274658,3
neg_or_tree,1024,sbc_half,gecode,minizinc,SAT,0.2547333240509033,0.26127250989278156,0.015682777537815138,0.24991750717163086,0.27916669845581055,3
neg_or_tree,1024,sbc_half,chuffed,minizinc,SAT,0.24787187576293945,0.24857854843139648,0.002149610534556068,0.2468712329864502,0.2509925365447998,3
neg_or_tree,1024,sbc_half,z3,smt,SAT,0.06645035743713379,0.0655225118001302,0.005459282335132056,0.05965876579284668,0.07045841217041016,3
neg_or_tree,1024,sbc_half,cvc5,smt,SAT,0.524744987487793,0.5284823576609293,0.0070485411641327805,0.5240895748138428,0.5366125106811523,3
neg_or_tree,2048,base,gecode,minizinc,SAT,0.41091394424438477,0.41174864768981934,0.009799832586854459,0.4023928642272949,0.4219391345977783,3
neg_or_tree,2048,base,chuffed,minizinc,SAT,0.4129445552825928,0.416539986928304,0.013686846349649675,0.40500974655151367,0.43166565895080566,3
neg_or_tree,2048,base,z3,smt,SAT,0.1925208568572998,0.19520815213521323,0.006942471350029158,0.19001102447509766,0.2030925750732422,3
neg_or_tree,2048,base,cvc5,smt,SAT,3.655871868133545,3.665588061014811,0.035197194126775876,3.6362695693969727,3.704622745513916,3
neg_or_tree,2048,sbc,gecode,minizinc,SAT,0.41211414337158203,0.41329209009806317,0.013746495870490155,0.40017247200012207,0.42758965492248535,3
neg_or_tree,2048,sbc,chuffed,minizinc,SAT,0.41445183753967285,0.40988532702128094,0.011117228191096442,0.39721202850341797,0.41799211502075195,3
neg_or_tree,2048,sbc,z3,smt,SAT,0.15040111541748047,0.1503748099009196,0.0078958601578478,0.14246582984924316,0.15825748443603516,3
neg_or_tree,2048,sbc,cvc5,smt,SAT,3.1224820613861084,3.1303868293762207,0.016436031315968845,3.119396686553955,3.1492817401885986,3
neg_or_tree,2048,sbc_half,gecode,minizinc,SAT,0.33789539337158203,0.34282708168029785,0.016283198013826845,0.32957983016967773,0.3610060214996338,3
neg_or_tree,2048,sbc_half,chuffed,minizinc,SAT,0.336747407913208,0.3400239944458008,0.006559611224722564,0.33574819564819336,0.347576379776001,3
neg_or_tree,2048,sbc_half,z3,smt,SAT,0.12312006950378418,0.12531185150146484,0.008832473670039292,0.1177816390991211,0.13503384590148926,3
neg_or_tree,2048,sbc_half,cvc5,smt,SAT,1.6836113929748535,1.6807831128438313,0.005077121007177752,1.6749217510223389,1.6838161945343018,3
or_tree,8,base,gecode,minizinc,SAT,0.15138912200927734,0.15421978632609049,0.008090775003852125,0.14792466163635254,0.1633455753326416,3
or_tree,8,base,chuffed,minizinc,SAT,0.15361762046813965,0.15020378430684408,0.010336224773344145,0.13859248161315918,0.1584012508392334,3
or_tree,8,base,z3,smt,SAT,0.017398357391357422,0.01945320765177409,0.0038962622524051386,0.017014503479003906,0.023946762084960938,3
or_tree,8,base,cvc5,smt,SAT,0.01003718376159668,0.009181976318359375,0.002308227491503137,0.006568193435668945,0.0109405517578125,3
or_tree,8,sbc,gecode,minizinc,SAT,0.1651933193206787,0.16304612159729004,0.0042178778197723395,0.158186674118042,0.16575837135314941,3
or_tree,8,sbc,chuffed,minizinc,SAT,0.15541625022888184,0.15822426478068033,0.006180841510675748,0.1539459228515625,0.16531062126159668,3
or_tree,8,sbc,z3,smt,SAT,0.015653610229492188,0.014594554901123047,0.0018716264222235531,0.012433528900146484,0.01569652557373047,3
or_tree,8,sbc,cvc5,smt,SAT,0.008437395095825195,0.008535385131835938,0.0007838781938945883,0.0078051090240478516,0.009363651275634766,3
or_tree,8,sbc_half,gecode,minizinc,SAT,0.1571652889251709,0.16222039858500162,0.009059878293839954,0.1568160057067871,0.17267990112304688,3
or_tree,8,sbc_half,chuffed,minizinc,SAT,0.15333104133605957,0.15424354871114096,0.003724966487798567,0.15105962753295898,0.1583399772644043,3
or_tree,8,sbc_half,z3,smt,SAT,0.014172792434692383,0.014821608861287435,0.0017580425748682518,0.013480186462402344,0.016811847686767578,3
or_tree,8,sbc_half,cvc5,smt,SAT,0.007924079895019531,0.007642825444539388,0.0005255965740505916,0.007036447525024414,0.007967948913574219,3
or_tree,16,base,gecode,minizinc,SAT,0.16251182556152344,0.16096178690592447,0.0042705321144585195,0.15613269805908203,0.16424083709716797,3
or_tree,16,base,chuffed,minizinc,SAT,0.17001605033874512,0.16916163762410483,0.008186826759019999,0.16058111190795898,0.17688775062561035,3
or_tree,16,base,z3,smt,SAT,0.019002914428710938,0.019764184951782227,0.0027855513959500495,0.017438411712646484,0.022851228713989258,3
or_tree,16,base,cvc5,smt,SAT,0.010099172592163086,0.010276476542154947,0.00046242451728832124,0.00992894172668457,0.010801315307617188,3
or_tree,16,sbc,gecode,minizinc,SAT,0.14504790306091309,0.1474334398905436,0.006046477617091739,0.1429436206817627,0.15430879592895508,3
or_tree,16,sbc,chuffed,minizinc,SAT,0.15543675422668457,0.15607897440592447,0.0015012200028070145,0.15500569343566895,0.15779447555541992,3
or_tree,16,sbc,z3,smt,SAT,0.013437271118164062,0.01339427630106608,0.001205900110561344,0.01216745376586914,0.014578104019165039,3
or_tree,16,sbc,cvc5,smt,SAT,0.007471799850463867,0.008136351903279623,0.0013211716466399986,0.007279396057128906,0.009657859802246094,3
or_tree,16,sbc_half,gecode,minizinc,SAT,0.13891267776489258,0.14140566190083823,0.0061759607923374165,0.13686585426330566,0.1484384536743164,3
or_tree,16,sbc_half,chuffed,minizinc,SAT,0.14185237884521484,0.14256842931111655,0.007697329733602655,0.1352541446685791,0.15059876441955566,3
or_tree,16,sbc_half,z3,smt,SAT,0.013115882873535156,0.014373540878295898,0.0023367955913884578,0.01293492317199707,0.01706981658935547,3
or_tree,16,sbc_half,cvc5,smt,SAT,0.00764918327331543,0.007905244827270508,0.0008532934995973548,0.007209300994873047,0.008857250213623047,3
or_tree,32,base,gecode,minizinc,SAT,0.15434932708740234,0.1543265183766683,0.0022275131584953843,0.15208768844604492,0.15654253959655762,3
or_tree,32,base,chuffed,minizinc,SAT,0.14892148971557617,0.15500116348266602,0.013714321821594953,0.14537763595581055,0.17070436477661133,3
or_tree,32,base,z3,smt,SAT,0.02129817008972168,0.02103281021118164,0.0017994173272204335,0.019115447998046875,0.022684812545776367,3
or_tree,32,base,cvc5,smt,SAT,0.014035463333129883,0.014081875483194986,0.0012523427239003986,0.012853384017944336,0.015356779098510742,3
or_tree,32,sbc,gecode,minizinc,SAT,0.14453935623168945,0.14394704500834146,0.001067892926716253,0.142714262008667,0.14458751678466797,3
or_tree,32,sbc,chuffed,minizinc,SAT,0.14022183418273926,0.14105709393819174,0.008215149153625154,0.13329148292541504,0.1496579647064209,3
or_tree,32,sbc,z3,smt,SAT,0.015893936157226562,0.015425999959309896,0.0013784165837929087,0.013874530792236328,0.016509532928466797,3
or_tree,32,sbc,cvc5,smt,SAT,0.011325597763061523,0.011424064636230469,0.00047724569224494903,0.011003732681274414,0.011942863464355469,3
or_tree,32,sbc_half,gecode,minizinc,SAT,0.13878726959228516,0.14124671618143717,0.005299954998835273,0.13762331008911133,0.14732956886291504,3
or_tree,32,sbc_half,chuffed,minizinc,SAT,0.16581964492797852,0.16464813550313315,0.011596917565269555,0.1525099277496338,0.1756148338317871,3
or_tree,32,sbc_half,z3,smt,SAT,0.015636205673217773,0.015155633290608725,0.0025101240903611897,0.012439966201782227,0.017390727996826172,3
or_tree,32,sbc_half,cvc5,smt,SAT,0.010449886322021484,0.010472695032755533,0.0016331675162860467,0.008851051330566406,0.012117147445678711,3
or_tree,64,base,gecode,minizinc,SAT,0.17871904373168945,0.17659966150919595,0.0076511077852038705,0.16811227798461914,0.1829676628112793,3
or_tree,64,base,chuffed,minizinc,SAT,0.15623211860656738,0.15796311696370444,0.0040387255819360835,0.15507841110229492,0.16257882118225098,3
or_tree,64,base,z3,smt,SAT,0.02219223976135254,0.022409359614054363,0.001960256640298619,0.020566701889038086,0.02446913719177246,3
or_tree,64,base,cvc5,smt,SAT,0.024138212203979492,0.023776849110921223,0.00167541006001349,0.021950244903564453,0.025242090225219727,3
or_tree,64,sbc,gecode,minizinc,SAT,0.1624302864074707,0.16153152783711752,0.0029499429756899395,0.15823674201965332,0.16392755508422852,3
or_tree,64,sbc,chuffed,minizinc,SAT,0.16086101531982422,0.1603527069091797,0.0019368188133131337,0.15821242332458496,0.16198468208312988,3
or_tree,64,sbc,z3,smt,SAT,0.013517379760742188,0.015154361724853516,0.002852283760155141,0.01349782943725586,0.0184478759765625,3
or_tree,64,sbc,cvc5,smt,SAT,0.019466400146484375,0.02079637845357259,0.002621985192611296,0.019105911254882812,0.023816823959350586,3
or_tree,64,sbc_half,gecode,minizinc,SAT,0.1593000888824463,0.1608866055806478,0.004094429532391034,0.157822847366333,0.16553688049316406,3
or_tree,64,sbc_half,chuffed,minizinc,SAT,0.16418170928955078,0.16446447372436523,0.0007086074523440633,0.1639409065246582,0.16527080535888672,3
or_tree,64,sbc_half,z3,smt,SAT,0.017791271209716797,0.01783863703409831,0.000459835357328938,0.01740431785583496,0.018320322036743164,3
or_tree,64,sbc_half,cvc5,smt,SAT,0.016371488571166992,0.016631046930948894,0.0010346540166831174,0.015750885009765625,0.017770767211914062,3
or_tree,128,base,gecode,minizinc,SAT,0.187530517578125,0.1807857354482015,0.015039347185255047,0.16355466842651367,0.19127202033996582,3
or_tree,128,base,chuffed,minizinc,SAT,0.15782928466796875,0.15815043449401855,0.0019005104059830078,0.15643095970153809,0.16019105911254883,3
or_tree,128,base,z3,smt,SAT,0.02317500114440918,0.023195584615071613,0.0009506228125273619,0.022255420684814453,0.02415633201599121,3
or_tree,128,base,cvc5,smt,SAT,0.04155445098876953,0.04391034444173177,0.004168587579608281,0.04145312309265137,0.048723459243774414,3
or_tree,128,sbc,gecode,minizinc,SAT,0.15922784805297852,0.16218105951944986,0.006388203008469481,0.15780377388000488,0.1695115566253662,3
or_tree,128,sbc,chuffed,minizinc,SAT,0.16189885139465332,0.16991551717122397,0.014229607684843359,0.16150283813476562,0.18634486198425293,3
or_tree,128,sbc,z3,smt,SAT,0.021341323852539062,0.020133018493652344,0.002705821098957845,0.01703357696533203,0.022024154663085938,3
or_tree,128,sbc,cvc5,smt,SAT,0.040204763412475586,0.04086653391520182,0.0030707841546475647,0.03818058967590332,0.04421424865722656,3
or_tree,128,sbc_half,gecode,minizinc,SAT,0.16933321952819824,0.16348775227864584,0.010637880034458647,0.15120887756347656,0.1699211597442627,3
or_tree,128,sbc_half,chuffed,minizinc,SAT,0.1572129726409912,0.1571507453918457,0.0011298402898921142,0.1559910774230957,0.1582481861114502,3
or_tree,128,sbc_half,z3,smt,SAT,0.015395641326904297,0.016160090764363606,0.0016002245878555786,0.015085458755493164,0.01799917221069336,3
or_tree,128,sbc_half,cvc5,smt,SAT,0.026518821716308594,0.028203964233398438,0.0036849389098714894,0.025662899017333984,0.032430171966552734,3
or_tree,256,base,gecode,minizinc,SAT,0.16898655891418457,0.17285792032877603,0.007204509357099058,0.16841673851013184,0.18117046356201172,3
or_tree,256,base,chuffed,minizinc,SAT,0.16262125968933105,0.1683537165323893,0.014113776252727413,0.15800809860229492,0.184431791305542,3
or_tree,256,base,z3,smt,SAT,0.02585148811340332,0.026771704355875652,0.0018883647068616315,0.025519847869873047,0.028943777084350586,3
or_tree,256,base,cvc5,smt,SAT,0.07662010192871094,0.07599361737569173,0.0012571413175036601,0.07454633712768555,0.07681441307067871,3
or_tree,256,sbc,gecode,minizinc,SAT,0.16530489921569824,0.16221046447753906,0.005790903724262953,0.15552973747253418,0.16579675674438477,3
or_tree,256,sbc,chuffed,minizinc,SAT,0.14607906341552734,0.14862600962320963,0.004739305369064539,0.1457047462463379,0.15409421920776367,3
or_tree,256,sbc,z3,smt,SAT,0.022021770477294922,0.02201692263285319,0.002558354007883106,0.019456148147583008,0.02457284927368164,3
or_tree,256,sbc,cvc5,smt,SAT,0.07399249076843262,0.07357033093770345,0.0020529372894220557,0.07133913040161133,0.0753793716430664,3
or_tree,256,sbc_half,gecode,minizinc,SAT,0.15241575241088867,0.15089201927185059,0.0029758785586201384,0.1474628448486328,0.15279746055603027,3
or_tree,256,sbc_half,chuffed,minizinc,SAT,0.14934015274047852,0.14977566401163736,0.004182214143952385,0.1458282470703125,0.1541585922241211,3
or_tree,256,sbc_half,z3,smt,SAT,0.01853632926940918,0.01865990956624349,0.0002984420059245903,0.01844310760498047,0.01900029182434082,3
or_tree,256,sbc_half,cvc5,smt,SAT,0.0437922477722168,0.04377555847167969,0.0001231597550439812,0.04364490509033203,0.043889522552490234,3
or_tree,512,base,gecode,minizinc,SAT,0.1692183017730713,0.16926844914754233,0.0011046128662719522,0.16818976402282715,0.17039728164672852,3
or_tree,512,base,chuffed,minizinc,SAT,0.16629958152770996,0.16625634829203287,0.004234241085008813,0.1620006561279297,0.17046880722045898,3
or_tree,512,base,z3,smt,SAT,0.03856515884399414,0.0381470521291097,0.002666732348614634,0.035295963287353516,0.040580034255981445,3
or_tree,512,base,cvc5,smt,SAT,0.21416997909545898,0.22369813919067383,0.03792612410955154,0.19144463539123535,0.26547980308532715,3
or_tree,512,sbc,gecode,minizinc,SAT,0.19580841064453125,0.19728350639343262,0.002863400971059017,0.19545841217041016,0.20058369636535645,3
or_tree,512,sbc,chuffed,minizinc,SAT,0.1781787872314453,0.17966628074645996,0.014990351521801719,0.16547513008117676,0.1953449249267578,3
or_tree,512,sbc,z3,smt,SAT,0.03593587875366211,0.03704984982808431,0.002658506294994177,0.035129547119140625,0.040084123611450195,3
or_tree,512,sbc,cvc5,smt,SAT,0.2043931484222412,0.2084339459737142,0.022373550309864366,0.1883561611175537,0.23255252838134766,3
or_tree,512,sbc_half,gecode,minizinc,SAT,0.18651175498962402,0.19165285428365073,0.009291965414077704,0.1860675811767578,0.2023792266845703,3
or_tree,512,sbc_half,chuffed,minizinc,SAT,0.1886768341064453,0.18953299522399902,0.00487998390014587,0.18513774871826172,0.19478440284729004,3
or_tree,512,sbc_half,z3,smt,SAT,0.02982330322265625,0.029753843943277996,0.0012295664131767245,0.02849102020263672,0.030947208404541016,3
or_tree,512,sbc_half,cvc5,smt,SAT,0.12147378921508789,0.12418270111083984,0.009063606018020573,0.11678242683410645,0.1342918872833252,3
or_tree,1024,base,gecode,minizinc,SAT,0.20694923400878906,0.21570825576782227,0.015307547429052168,0.20679187774658203,0.2333836555480957,3
or_tree,1024,base,chuffed,minizinc,SAT,0.20140528678894043,0.20296589533487955,0.00986307369478099,0.19397616386413574,0.2135162353515625,3
or_tree,1024,base,z3,smt,SAT,0.0627896785736084,0.061625162760416664,0.0028669903663239007,0.05835914611816406,0.06372666358947754,3
or_tree,1024,base,cvc5,smt,SAT,0.43594980239868164,0.4360616207122803,0.005056950872029119,0.4310615062713623,0.4411735534667969,3
or_tree,1024,sbc,gecode,minizinc,SAT,0.1984539031982422,0.19931888580322266,0.0019224472868548917,0.1979808807373047,0.2015218734741211,3
or_tree,1024,sbc,chuffed,minizinc,SAT,0.2010211944580078,0.2029562791188558,0.0037231122732515713,0.20059919357299805,0.20724844932556152,3
or_tree,1024,sbc,z3,smt,SAT,0.053618431091308594,0.052079200744628906,0.004731161559278552,0.04677009582519531,0.05584907531738281,3
or_tree,1024,sbc,cvc5,smt,SAT,0.41030287742614746,0.4466716448465983,0.06467846896233988,0.40836453437805176,0.5213475227355957,3
or_tree,1024,sbc_half,gecode,minizinc,SAT,0.20729494094848633,0.20956158638000488,0.0061070376484426885,0.2049119472503662,0.2164778709411621,3
or_tree,1024,sbc_half,chuffed,minizinc,SAT,0.21149492263793945,0.21543224652608237,0.007688814443148303,0.2105095386505127,0.22429227828979492,3
or_tree,1024,sbc_half,z3,smt,SAT,0.049490928649902344,0.04978696505228678,0.004742523758520261,0.04519939422607422,0.05467057228088379,3
or_tree,1024,sbc_half,cvc5,smt,SAT,0.2702031135559082,0.27567259470621747,0.014009817834761767,0.26522254943847656,0.2915921211242676,3
or_tree,2048,base,gecode,minizinc,SAT,0.28568220138549805,0.2884863217671712,0.012976074398297543,0.2771415710449219,0.30263519287109375,3
or_tree,2048,base,chuffed,minizinc,SAT,0.2977182865142822,0.29623206456502277,0.006189352771408384,0.28943490982055664,0.3015429973602295,3
or_tree,2048,base,z3,smt,SAT,0.11837363243103027,0.11887733141581218,0.0025859899627939365,0.11658024787902832,0.12167811393737793,3
or_tree,2048,base,cvc5,smt,SAT,1.7109458446502686,1.714346965154012,0.04176549263826098,1.6743860244750977,1.75770902633667,3
or_tree,2048,sbc,gecode,minizinc,SAT,0.3046755790710449,0.305843989054362,0.01128142332519369,0.29519224166870117,0.31766414642333984,3
or_tree,2048,sbc,chuffed,minizinc,SAT,0.29796767234802246,0.2972084681193034,0.0025257429656934225,0.2943902015686035,0.2992675304412842,3
or_tree,2048,sbc,z3,smt,SAT,0.09686446189880371,0.1000991662343343,0.009801810880335396,0.09232354164123535,0.11110949516296387,3
or_tree,2048,sbc,cvc5,smt,SAT,1.512727975845337,1.519657850265503,0.03459831262773617,1.489048957824707,1.5571966171264648,3
or_tree,2048,sbc_half,gecode,minizinc,SAT,0.2727165222167969,0.2729330062866211,0.0013067018268621538,0.27174806594848633,0.2743344306945801,3
or_tree,2048,sbc_half,chuffed,minizinc,SAT,0.2671988010406494,0.27184319496154785,0.012697818656601169,0.26212143898010254,0.2862093448638916,3
or_tree,2048,sbc_half,z3,smt,SAT,0.07948827743530273,0.07932448387145996,0.0014248345703355607,0.07782483100891113,0.08066034317016602,3
or_tree,2048,sbc_half,cvc5,smt,SAT,0.778602123260498,0.778329054514567,0.0044592189235003596,0.7737395763397217,0.7826454639434814,3
or_tree,4096,base,gecode,minizinc,SAT,0.46160340309143066,0.4659565289815267,0.007668829724633272,0.4614548683166504,0.474811315536499,3
or_tree,4096,base,chuffed,minizinc,SAT,0.45577001571655273,0.4596262772878011,0.007532244786617494,0.4548029899597168,0.4683058261871338,3
or_tree,4096,base,z3,smt,SAT,0.2807650566101074,0.28020668029785156,0.0022198202740458905,0.27776098251342773,0.28209400177001953,3
or_tree,4096,base,cvc5,smt,SAT,4.569170713424683,4.566341161727905,0.007563158904371948,4.5577712059021,4.572081565856934,3
or_tree,4096,sbc,gecode,minizinc,SAT,0.45491814613342285,0.4554467995961507,0.0064100417452885115,0.44931745529174805,0.46210479736328125,3
or_tree,4096,sbc,chuffed,minizinc,SAT,0.4675405025482178,0.4741322994232178,0.015241928590409792,0.46329569816589355,0.491560697555542,3
or_tree,4096,sbc,z3,smt,SAT,0.18673110008239746,0.1875324249267578,0.00702206633415895,0.18094539642333984,0.19492077827453613,3
or_tree,4096,sbc,cvc5,smt,SAT,3.968350887298584,3.9708966414133706,0.025685808114422004,3.9465785026550293,3.997760534286499,3
or_tree,4096,sbc_half,gecode,minizinc,SAT,0.3789713382720947,0.3865961233774821,0.015752581789155565,0.37610673904418945,0.4047102928161621,3
or_tree,4096,sbc_half,chuffed,minizinc,SAT,0.40561461448669434,0.4130214850107829,0.014783396877784415,0.40340566635131836,0.43004417419433594,3
or_tree,4096,sbc_half,z3,smt,SAT,0.16222476959228516,0.16273927688598633,0.004119010262083807,0.15890169143676758,0.16709136962890625,3
or_tree,4096,sbc_half,cvc5,smt,SAT,2.012251853942871,1.993097225824992,0.04108392893717759,1.9459338188171387,2.021106004714966,3
