circuit_type,size,variant,solver,backend,status,run_id,wall_time,solve_time
and_tree,8,base,gecode,minizinc,SAT,1,0.16098308563232422,7.8038e-05
and_tree,8,base,gecode,minizinc,SAT,2,0.17873811721801758,9.6653e-05
and_tree,8,base,gecode,minizinc,SAT,3,0.17415165901184082,6.9361e-05
and_tree,8,base,chuffed,minizinc,SAT,1,0.16353321075439453,0.0
and_tree,8,base,chuffed,minizinc,SAT,2,0.15399718284606934,0.0
and_tree,8,base,chuffed,minizinc,SAT,3,0.1511681079864502,0.0
and_tree,8,base,z3,smt,SAT,1,0.012087821960449219,
and_tree,8,base,z3,smt,SAT,2,0.011384725570678711,
and_tree,8,base,z3,smt,SAT,3,0.012881278991699219,
and_tree,8,base,cvc5,smt,SAT,1,0.009154796600341797,
and_tree,8,base,cvc5,smt,SAT,2,0.0059664249420166016,
and_tree,8,base,cvc5,smt,SAT,3,0.007727622985839844,
and_tree,8,sbc,gecode,minizinc,SAT,1,0.15151691436767578,6.6555e-05
and_tree,8,sbc,gecode,minizinc,SAT,2,0.1499936580657959,6.7577e-05
and_tree,8,sbc,gecode,minizinc,SAT,3,0.15134739875793457,9.2715e-05
and_tree,8,sbc,chuffed,minizinc,SAT,1,0.15843462944030762,0.0
and_tree,8,sbc,chuffed,minizinc,SAT,2,0.18480634689331055,0.0
and_tree,8,sbc,chuffed,minizinc,SAT,3,0.15387940406799316,0.0
and_tree,8,sbc,z3,smt,SAT,1,0.014221668243408203,
and_tree,8,sbc,z3,smt,SAT,2,0.013583183288574219,
and_tree,8,sbc,z3,smt,SAT,3,0.014344215393066406,
and_tree,8,sbc,cvc5,smt,SAT,1,0.00774383544921875,
and_tree,8,sbc,cvc5,smt,SAT,2,0.006448030471801758,
and_tree,8,sbc,cvc5,smt,SAT,3,0.007648468017578125,
and_tree,8,sbc_half,gecode,minizinc,SAT,1,0.1612696647644043,5.9983e-05
and_tree,8,sbc_half,gecode,minizinc,SAT,2,0.16257810592651367,5.8501e-05
and_tree,8,sbc_half,gecode,minizinc,SAT,3,0.18040895462036133,0.000137148
and_tree,8,sbc_half,chuffed,minizinc,SAT,1,0.15418696403503418,0.0
and_tree,8,sbc_half,chuffed,minizinc,SAT,2,0.14544105529785156,0.0
and_tree,8,sbc_half,chuffed,minizinc,SAT,3,0.16474270820617676,0.0
and_tree,8,sbc_half,z3,smt,SAT,1,0.014461278915405273,
and_tree,8,sbc_half,z3,smt,SAT,2,0.013961315155029297,
and_tree,8,sbc_half,z3,smt,SAT,3,0.013315200805664062,
and_tree,8,sbc_half,cvc5,smt,SAT,1,0.007832765579223633,
and_tree,8,sbc_half,cvc5,smt,SAT,2,0.007639884948730469,
and_tree,8,sbc_half,cvc5,smt,SAT,3,0.00555872917175293,
and_tree,16,base,gecode,minizinc,SAT,1,0.16758942604064941,0.00010617
and_tree,16,base,gecode,minizinc,SAT,2,0.17554116249084473,7.463e-05
and_tree,16,base,gecode,minizinc,SAT,3,0.1687777042388916,8.1845e-05
and_tree,16,base,chuffed,minizinc,SAT,1,0.1789405345916748,0.0
and_tree,16,base,chuffed,minizinc,SAT,2,0.15473532676696777,0.0
and_tree,16,base,chuffed,minizinc,SAT,3,0.15564465522766113,0.0
and_tree,16,base,z3,smt,SAT,1,0.012848138809204102,
and_tree,16,base,z3,smt,SAT,2,0.015123367309570312,
and_tree,16,base,z3,smt,SAT,3,0.01595330238342285,
and_tree,16,base,cvc5,smt,SAT,1,0.008276939392089844,
and_tree,16,base,cvc5,smt,SAT,2,0.009675264358520508,
and_tree,16,base,cvc5,smt,SAT,3,0.008655548095703125,
and_tree,16,sbc,gecode,minizinc,SAT,1,0.15620112419128418,8.1473e-05
and_tree,16,sbc,gecode,minizinc,SAT,2,0.1597139835357666,9.7935e-05
and_tree,16,sbc,gecode,minizinc,SAT,3,0.15368962287902832,8.5782e-05
and_tree,16,sbc,chuffed,minizinc,SAT,1,0.15459704399108887,0.0
and_tree,16,sbc,chuffed,minizinc,SAT,2,0.15887951850891113,0.0
and_tree,16,sbc,chuffed,minizinc,SAT,3,0.1542835235595703,0.0
and_tree,16,sbc,z3,smt,SAT,1,0.014052152633666992,
and_tree,16,sbc,z3,smt,SAT,2,0.013596296310424805,
and_tree,16,sbc,z3,smt,SAT,3,0.012410879135131836,
and_tree,16,sbc,cvc5,smt,SAT,1,0.009781360626220703,
and_tree,16,sbc,cvc5,smt,SAT,2,0.008597612380981445,
and_tree,16,sbc,cvc5,smt,SAT,3,0.009026050567626953,
and_tree,16,sbc_half,gecode,minizinc,SAT,1,0.164412260055542,9.6232e-05
and_tree,16,sbc_half,gecode,minizinc,SAT,2,0.15464520454406738,6.384e-05
and_tree,16,sbc_half,gecode,minizinc,SAT,3,0.1660153865814209,7.7516e-05
and_tree,16,sbc_half,chuffed,minizinc,SAT,1,0.15722393989562988,0.0
and_tree,16,sbc_half,chuffed,minizinc,SAT,2,0.14971923828125,0.0
and_tree,16,sbc_half,chuffed,minizinc,SAT,3,0.1508629322052002,0.0
and_tree,16,sbc_half,z3,smt,SAT,1,0.012951135635375977,
and_tree,16,sbc_half,z3,smt,SAT,2,0.013622283935546875,
and_tree,16,sbc_half,z3,smt,SAT,3,0.015796422958374023,
and_tree,16,sbc_half,cvc5,smt,SAT,1,0.007848024368286133,
and_tree,16,sbc_half,cvc5,smt,SAT,2,0.007048368453979492,
and_tree,16,sbc_half,cvc5,smt,SAT,3,0.007082462310791016,
and_tree,32,base,gecode,minizinc,SAT,1,0.1584463119506836,8.477e-05
and_tree,32,base,gecode,minizinc,SAT,2,0.16091084480285645,0.000120538
and_tree,32,base,gecode,minizinc,SAT,3,0.14802885055541992,0.000123282
and_tree,32,base,chuffed,minizinc,SAT,1,0.14681577682495117,0.0
and_tree,32,base,chuffed,minizinc,SAT,2,0.15181517601013184,0.0
and_tree,32,base,chuffed,minizinc,SAT,3,0.1644425392150879,0.0
and_tree,32,base,z3,smt,SAT,1,0.01737689971923828,
and_tree,32,base,z3,smt,SAT,2,0.01615166664123535,
and_tree,32,base,z3,smt,SAT,3,0.01761627197265625,
and_tree,32,base,cvc5,smt,SAT,1,0.018329143524169922,
and_tree,32,base,cvc5,smt,SAT,2,0.01576709747314453,
and_tree,32,base,cvc5,smt,SAT,3,0.013972997665405273,
and_tree,32,sbc,gecode,minizinc,SAT,1,0.16983962059020996,0.000129845
and_tree,32,sbc,gecode,minizinc,SAT,2,0.20926260948181152,0.000123032
and_tree,32,sbc,gecode,minizinc,SAT,3,0.1725749969482422,0.000120257
and_tree,32,sbc,chuffed,minizinc,SAT,1,0.17009544372558594,0.0
and_tree,32,sbc,chuffed,minizinc,SAT,2,0.17560577392578125,0.0
and_tree,32,sbc,chuffed,minizinc,SAT,3,0.147674560546875,0.0
and_tree,32,sbc,z3,smt,SAT,1,0.01278376579284668,
and_tree,32,sbc,z3,smt,SAT,2,0.012981653213500977,
and_tree,32,sbc,z3,smt,SAT,3,0.014442682266235352,
and_tree,32,sbc,cvc5,smt,SAT,1,0.012667417526245117,
and_tree,32,sbc,cvc5,smt,SAT,2,0.014815807342529297,
and_tree,32,sbc,cvc5,smt,SAT,3,0.015010595321655273,
and_tree,32,sbc_half,gecode,minizinc,SAT,1,0.16688132286071777,8.0372e-05
and_tree,32,sbc_half,gecode,minizinc,SAT,2,0.16701221466064453,8.5391e-05
and_tree,32,sbc_half,gecode,minizinc,SAT,3,0.20674848556518555,8.6524e-05
and_tree,32,sbc_half,chuffed,minizinc,SAT,1,0.17019963264465332,0.0
and_tree,32,sbc_half,chuffed,minizinc,SAT,2,0.17519497871398926,0.0
and_tree,32,sbc_half,chuffed,minizinc,SAT,3,0.16467571258544922,0.0
and_tree,32,sbc_half,z3,smt,SAT,1,0.015763044357299805,
and_tree,32,sbc_half,z3,smt,SAT,2,0.014890432357788086,
and_tree,32,sbc_half,z3,smt,SAT,3,0.015587091445922852,
and_tree,32,sbc_half,cvc5,smt,SAT,1,0.011857271194458008,
and_tree,32,sbc_half,cvc5,smt,SAT,2,0.012580633163452148,
and_tree,32,sbc_half,cvc5,smt,SAT,3,0.01314997673034668,
and_tree,64,base,gecode,minizinc,SAT,1,0.200209379196167,0.000150694
and_tree,64,base,gecode,minizinc,SAT,2,0.18129777908325195,0.000149792
and_tree,64,base,gecode,minizinc,SAT,3,0.16149592399597168,0.000121319
and_tree,64,base,chuffed,minizinc,SAT,1,0.1531987190246582,0.001
and_tree,64,base,chuffed,minizinc,SAT,2,0.16488146781921387,0.001
and_tree,64,base,chuffed,minizinc,SAT,3,0.15703868865966797,0.001
and_tree,64,base,z3,smt,SAT,1,0.014760494232177734,
and_tree,64,base,z3,smt,SAT,2,0.014687299728393555,
and_tree,64,base,z3,smt,SAT,3,0.019145965576171875,
and_tree,64,base,cvc5,smt,SAT,1,0.020554304122924805,
and_tree,64,base,cvc5,smt,SAT,2,0.035666465759277344,
and_tree,64,base,cvc5,smt,SAT,3,0.04621243476867676,
and_tree,64,sbc,gecode,minizinc,SAT,1,0.18128395080566406,0.000147138
and_tree,64,sbc,gecode,minizinc,SAT,2,0.16298651695251465,0.000134845
and_tree,64,sbc,gecode,minizinc,SAT,3,0.16943621635437012,0.000133081
and_tree,64,sbc,chuffed,minizinc,SAT,1,0.1721057891845703,0.001
and_tree,64,sbc,chuffed,minizinc,SAT,2,0.163132905960083,0.0
and_tree,64,sbc,chuffed,minizinc,SAT,3,0.1501476764678955,0.0
and_tree,64,sbc,z3,smt,SAT,1,0.014194488525390625,
and_tree,64,sbc,z3,smt,SAT,2,0.014254331588745117,
and_tree,64,sbc,z3,smt,SAT,3,0.015810728073120117,
and_tree,64,sbc,cvc5,smt,SAT,1,0.023525714874267578,
and_tree,64,sbc,cvc5,smt,SAT,2,0.022774457931518555,
and_tree,64,sbc,cvc5,smt,SAT,3,0.021897554397583008,
and_tree,64,sbc_half,gecode,minizinc,SAT,1,0.16224384307861328,9.4869e-05
and_tree,64,sbc_half,gecode,minizinc,SAT,2,0.17616653442382812,0.000109897
and_tree,64,sbc_half,gecode,minizinc,SAT,3,0.17320752143859863,0.000129835
and_tree,64,sbc_half,chuffed,minizinc,SAT,1,0.15837335586547852,0.0
and_tree,64,sbc_half,chuffed,minizinc,SAT,2,0.14551305770874023,0.0
and_tree,64,sbc_half,chuffed,minizinc,SAT,3,0.15476465225219727,0.0
and_tree,64,sbc_half,z3,smt,SAT,1,0.014463186264038086,
and_tree,64,sbc_half,z3,smt,SAT,2,0.015564203262329102,
and_tree,64,sbc_half,z3,smt,SAT,3,0.014962911605834961,
and_tree,64,sbc_half,cvc5,smt,SAT,1,0.01448512077331543,
and_tree,64,sbc_half,cvc5,smt,SAT,2,0.016128063201904297,
and_tree,64,sbc_half,cvc5,smt,SAT,3,0.014966964721679688,
and_tree,128,base,gecode,minizinc,SAT,1,0.16403722763061523,0.000196179
and_tree,128,base,gecode,minizinc,SAT,2,0.174729585647583,0.00020128
and_tree,128,base,gecode,minizinc,SAT,3,0.18043231964111328,0.000199105
and_tree,128,base,chuffed,minizinc,SAT,1,0.18891358375549316,0.0
and_tree,128,base,chuffed,minizinc,SAT,2,0.1709270477294922,0.0
and_tree,128,base,chuffed,minizinc,SAT,3,0.15981125831604004,0.0
and_tree,128,base,z3,smt,SAT,1,0.01817941665649414,
and_tree,128,base,z3,smt,SAT,2,0.01637554168701172,
and_tree,128,base,z3,smt,SAT,3,0.0192873477935791,
and_tree,128,base,cvc5,smt,SAT,1,0.040171146392822266,
and_tree,128,base,cvc5,smt,SAT,2,0.04250454902648926,
and_tree,128,base,cvc5,smt,SAT,3,0.0412602424621582,
and_tree,128,sbc,gecode,minizinc,SAT,1,0.17635345458984375,0.000218161
and_tree,128,sbc,gecode,minizinc,SAT,2,0.17380762100219727,0.000178516
and_tree,128,sbc,gecode,minizinc,SAT,3,0.16979289054870605,0.00018577
and_tree,128,sbc,chuffed,minizinc,SAT,1,0.14579343795776367,0.0
and_tree,128,sbc,chuffed,minizinc,SAT,2,0.16813158988952637,0.0
and_tree,128,sbc,chuffed,minizinc,SAT,3,0.15999269485473633,0.0
and_tree,128,sbc,z3,smt,SAT,1,0.020612239837646484,
and_tree,128,sbc,z3,smt,SAT,2,0.019465923309326172,
and_tree,128,sbc,z3,smt,SAT,3,0.018889188766479492,
and_tree,128,sbc,cvc5,smt,SAT,1,0.0512392520904541,
and_tree,128,sbc,cvc5,smt,SAT,2,0.043178558349609375,
and_tree,128,sbc,cvc5,smt,SAT,3,0.040039777755737305,
and_tree,128,sbc_half,gecode,minizinc,SAT,1,0.1751546859741211,0.000119505
and_tree,128,sbc_half,gecode,minizinc,SAT,2,0.16052794456481934,0.000139573
and_tree,128,sbc_half,gecode,minizinc,SAT,3,0.16527104377746582,0.000170512
and_tree,128,sbc_half,chuffed,minizinc,SAT,1,0.15735673904418945,0.001
and_tree,128,sbc_half,chuffed,minizinc,SAT,2,0.15018630027770996,0.001
and_tree,128,sbc_half,chuffed,minizinc,SAT,3,0.148301362991333,0.0
and_tree,128,sbc_half,z3,smt,SAT,1,0.01936483383178711,
and_tree,128,sbc_half,z3,smt,SAT,2,0.019305944442749023,
and_tree,128,sbc_half,z3,smt,SAT,3,0.016451597213745117,
and_tree,128,sbc_half,cvc5,smt,SAT,1,0.025096416473388672,
and_tree,128,sbc_half,cvc5,smt,SAT,2,0.02596902847290039,
and_tree,128,sbc_half,cvc5,smt,SAT,3,0.027966022491455078,
and_tree,256,base,gecode,minizinc,SAT,1,0.18136835098266602,0.000316446
and_tree,256,base,gecode,minizinc,SAT,2,0.1683201789855957,0.000312339
and_tree,256,base,gecode,minizinc,SAT,3,0.16881394386291504,0.000295507
and_tree,256,base,chuffed,minizinc,SAT,1,0.16846489906311035,0.001
and_tree,256,base,chuffed,minizinc,SAT,2,0.15672993659973145,0.0
and_tree,256,base,chuffed,minizinc,SAT,3,0.1825566291809082,0.0
and_tree,256,base,z3,smt,SAT,1,0.022977590560913086,
and_tree,256,base,z3,smt,SAT,2,0.024492502212524414,
and_tree,256,base,z3,smt,SAT,3,0.022071123123168945,
and_tree,256,base,cvc5,smt,SAT,1,0.08388638496398926,
and_tree,256,base,cvc5,smt,SAT,2,0.09650635719299316,
and_tree,256,base,cvc5,smt,SAT,3,0.08578944206237793,
and_tree,256,sbc,gecode,minizinc,SAT,1,0.1726386547088623,0.000307741
and_tree,256,sbc,gecode,minizinc,SAT,2,0.17298221588134766,0.000321246
and_tree,256,sbc,gecode,minizinc,SAT,3,0.16525959968566895,0.000398461
and_tree,256,sbc,chuffed,minizinc,SAT,1,0.16644668579101562,0.001
and_tree,256,sbc,chuffed,minizinc,SAT,2,0.17021918296813965,0.0
and_tree,256,sbc,chuffed,minizinc,SAT,3,0.17046117782592773,0.001
and_tree,256,sbc,z3,smt,SAT,1,0.028077363967895508,
and_tree,256,sbc,z3,smt,SAT,2,0.022893190383911133,
and_tree,256,sbc,z3,smt,SAT,3,0.027692556381225586,
and_tree,256,sbc,cvc5,smt,SAT,1,0.08501935005187988,
and_tree,256,sbc,cvc5,smt,SAT,2,0.09799313545227051,
and_tree,256,sbc,cvc5,smt,SAT,3,0.08364725112915039,
and_tree,256,sbc_half,gecode,minizinc,SAT,1,0.16963529586791992,0.000172155
and_tree,256,sbc_half,gecode,minizinc,SAT,2,0.18026471138000488,0.000252005
and_tree,256,sbc_half,gecode,minizinc,SAT,3,0.17167878150939941,0.000173327
and_tree,256,sbc_half,chuffed,minizinc,SAT,1,0.17156291007995605,0.0
and_tree,256,sbc_half,chuffed,minizinc,SAT,2,0.17424392700195312,0.0
and_tree,256,sbc_half,chuffed,minizinc,SAT,3,0.15897417068481445,0.0
and_tree,256,sbc_half,z3,smt,SAT,1,0.025307655334472656,
and_tree,256,sbc_half,z3,smt,SAT,2,0.020232200622558594,
and_tree,256,sbc_half,z3,smt,SAT,3,0.025066852569580078,
and_tree,256,sbc_half,cvc5,smt,SAT,1,0.05328655242919922,
and_tree,256,sbc_half,cvc5,smt,SAT,2,0.06094789505004883,
and_tree,256,sbc_half,cvc5,smt,SAT,3,0.06318521499633789,
and_tree,512,base,gecode,minizinc,SAT,1,0.1871187686920166,0.000518477
and_tree,512,base,gecode,minizinc,SAT,2,0.19263529777526855,0.000501304
and_tree,512,base,gecode,minizinc,SAT,3,0.18745183944702148,0.000685622
and_tree,512,base,chuffed,minizinc,SAT,1,0.18712139129638672,0.001
and_tree,512,base,chuffed,minizinc,SAT,2,0.18481731414794922,0.0
and_tree,512,base,chuffed,minizinc,SAT,3,0.1737842559814453,0.001
and_tree,512,base,z3,smt,SAT,1,0.03342700004577637,
and_tree,512,base,z3,smt,SAT,2,0.031068086624145508,
and_tree,512,base,z3,smt,SAT,3,0.031289100646972656,
and_tree,512,base,cvc5,smt,SAT,1,0.1985163688659668,
and_tree,512,base,cvc5,smt,SAT,2,0.18808317184448242,
and_tree,512,base,cvc5,smt,SAT,3,0.20724940299987793,
and_tree,512,sbc,gecode,minizinc,SAT,1,0.19745659828186035,0.000544937
and_tree,512,sbc,gecode,minizinc,SAT,2,0.18088603019714355,0.000840044
and_tree,512,sbc,gecode,minizinc,SAT,3,0.19149398803710938,0.000558863
and_tree,512,sbc,chuffed,minizinc,SAT,1,0.1790616512298584,0.001
and_tree,512,sbc,chuffed,minizinc,SAT,2,0.18589305877685547,0.0
and_tree,512,sbc,chuffed,minizinc,SAT,3,0.17891383171081543,0.001
and_tree,512,sbc,z3,smt,SAT,1,0.03784012794494629,
and_tree,512,sbc,z3,smt,SAT,2,0.03485679626464844,
and_tree,512,sbc,z3,smt,SAT,3,0.03496122360229492,
and_tree,512,sbc,cvc5,smt,SAT,1,0.3178684711456299,
and_tree,512,sbc,cvc5,smt,SAT,2,0.22512316703796387,
and_tree,512,sbc,cvc5,smt,SAT,3,0.19722318649291992,
and_tree,512,sbc_half,gecode,minizinc,SAT,1,0.21577048301696777,0.000304043
and_tree,512,sbc_half,gecode,minizinc,SAT,2,0.19549942016601562,0.000359177
and_tree,512,sbc_half,gecode,minizinc,SAT,3,0.2156529426574707,0.000335723
and_tree,512,sbc_half,chuffed,minizinc,SAT,1,0.20438718795776367,0.0
and_tree,512,sbc_half,chuffed,minizinc,SAT,2,0.17594218254089355,0.001
and_tree,512,sbc_half,chuffed,minizinc,SAT,3,0.20166349411010742,0.0
and_tree,512,sbc_half,z3,smt,SAT,1,0.03066730499267578,
and_tree,512,sbc_half,z3,smt,SAT,2,0.027985334396362305,
and_tree,512,sbc_half,z3,smt,SAT,3,0.03145337104797363,
and_tree,512,sbc_half,cvc5,smt,SAT,1,0.14504337310791016,
and_tree,512,sbc_half,cvc5,smt,SAT,2,0.1801166534423828,
and_tree,512,sbc_half,cvc5,smt,SAT,3,0.1131753921508789,
and_tree,1024,base,gecode,minizinc,SAT,1,0.27165794372558594,0.00146867
and_tree,1024,base,gecode,minizinc,SAT,2,0.21941757202148438,0.001178
and_tree,1024,base,gecode,minizinc,SAT,3,0.22050213813781738,0.00108801
and_tree,1024,base,chuffed,minizinc,SAT,1,0.21392321586608887,0.001
and_tree,1024,base,chuffed,minizinc,SAT,2,0.2156224250793457,0.001
and_tree,1024,base,chuffed,minizinc,SAT,3,0.22491908073425293,0.001
and_tree,1024,base,z3,smt,SAT,1,0.06625914573669434,
and_tree,1024,base,z3,smt,SAT,2,0.06097292900085449,
and_tree,1024,base,z3,smt,SAT,3,0.05893445014953613,
and_tree,1024,base,cvc5,smt,SAT,1,0.6391494274139404,
and_tree,1024,base,cvc5,smt,SAT,2,0.6501224040985107,
and_tree,1024,base,cvc5,smt,SAT,3,0.7521812915802002,
and_tree,1024,sbc,gecode,minizinc,SAT,1,0.21432733535766602,0.00107684
and_tree,1024,sbc,gecode,minizinc,SAT,2,0.2412734031677246,0.00132689
and_tree,1024,sbc,gecode,minizinc,SAT,3,0.24215435981750488,0.00103329
and_tree,1024,sbc,chuffed,minizinc,SAT,1,0.26802754402160645,0.001
and_tree,1024,sbc,chuffed,minizinc,SAT,2,0.22141385078430176,0.001
and_tree,1024,sbc,chuffed,minizinc,SAT,3,0.21198010444641113,0.001
and_tree,1024,sbc,z3,smt,SAT,1,0.05478215217590332,
and_tree,1024,sbc,z3,smt,SAT,2,0.055791616439819336,
and_tree,1024,sbc,z3,smt,SAT,3,0.05339813232421875,
and_tree,1024,sbc,cvc5,smt,SAT,1,0.6727924346923828,
and_tree,1024,sbc,cvc5,smt,SAT,2,0.6445369720458984,
and_tree,1024,sbc,cvc5,smt,SAT,3,0.5733773708343506,
and_tree,1024,sbc_half,gecode,minizinc,SAT,1,0.20184588432312012,0.000603467
and_tree,1024,sbc_half,gecode,minizinc,SAT,2,0.2044236660003662,0.000659733
and_tree,1024,sbc_half,gecode,minizinc,SAT,3,0.20349836349487305,0.000654984
and_tree,1024,sbc_half,chuffed,minizinc,SAT,1,0.19804883003234863,0.0
and_tree,1024,sbc_half,chuffed,minizinc,SAT,2,0.20148324966430664,0.001
and_tree,1024,sbc_half,chuffed,minizinc,SAT,3,0.19966936111450195,0.0
and_tree,1024,sbc_half,z3,smt,SAT,1,0.04577207565307617,
and_tree,1024,sbc_half,z3,smt,SAT,2,0.0516200065612793,
and_tree,1024,sbc_half,z3,smt,SAT,3,0.047273874282836914,
and_tree,1024,sbc_half,cvc5,smt,SAT,1,0.25830507278442383,
and_tree,1024,sbc_half,cvc5,smt,SAT,2,0.30893874168395996,
and_tree,1024,sbc_half,cvc5,smt,SAT,3,0.24687576293945312,
and_tree,2048,base,gecode,minizinc,SAT,1,0.2815675735473633,0.00236283
and_tree,2048,base,gecode,minizinc,SAT,2,0.28811144828796387,0.00244335
and_tree,2048,base,gecode,minizinc,SAT,3,0.2806878089904785,0.00220294
and_tree,2048,base,chuffed,minizinc,SAT,1,0.2820606231689453,0.003
and_tree,2048,base,chuffed,minizinc,SAT,2,0.29594945907592773,0.002
and_tree,2048,base,chuffed,minizinc,SAT,3,0.31322431564331055,0.003
and_tree,2048,base,z3,smt,SAT,1,0.09392189979553223,
and_tree,2048,base,z3,smt,SAT,2,0.09837484359741211,
and_tree,2048,base,z3,smt,SAT,3,0.09262347221374512,
and_tree,2048,base,cvc5,smt,SAT,1,1.7836086750030518,
and_tree,2048,base,cvc5,smt,SAT,2,1.93473482131958,
and_tree,2048,base,cvc5,smt,SAT,3,1.8254685401916504,
and_tree,2048,sbc,gecode,minizinc,SAT,1,0.2785027027130127,0.0026854
and_tree,2048,sbc,gecode,minizinc,SAT,2,0.2813270092010498,0.00290833
and_tree,2048,sbc,gecode,minizinc,SAT,3,0.27846789360046387,0.00207323
and_tree,2048,sbc,chuffed,minizinc,SAT,1,0.3114478588104248,0.002
and_tree,2048,sbc,chuffed,minizinc,SAT,2,0.3129734992980957,0.002
and_tree,2048,sbc,chuffed,minizinc,SAT,3,0.2820260524749756,0.003
and_tree,2048,sbc,z3,smt,SAT,1,0.10378050804138184,
and_tree,2048,sbc,z3,smt,SAT,2,0.10410284996032715,
and_tree,2048,sbc,z3,smt,SAT,3,0.0993647575378418,
and_tree,2048,sbc,cvc5,smt,SAT,1,1.8399291038513184,
and_tree,2048,sbc,cvc5,smt,SAT,2,1.8483269214630127,
and_tree,2048,sbc,cvc5,smt,SAT,3,2.025679349899292,
and_tree,2048,sbc_half,gecode,minizinc,SAT,1,0.2525179386138916,0.00122843
and_tree,2048,sbc_half,gecode,minizinc,SAT,2,0.29087281227111816,0.00150685
and_tree,2048,sbc_half,gecode,minizinc,SAT,3,0.2570512294769287,0.00101803
and_tree,2048,sbc_half,chuffed,minizinc,SAT,1,0.2704310417175293,0.001
and_tree,2048,sbc_half,chuffed,minizinc,SAT,2,0.268939733505249,0.001
and_tree,2048,sbc_half,chuffed,minizinc,SAT,3,0.27477598190307617,0.002
and_tree,2048,sbc_half,z3,smt,SAT,1,0.08611273765563965,
and_tree,2048,sbc_half,z3,smt,SAT,2,0.0913231372833252,
and_tree,2048,sbc_half,z3,smt,SAT,3,0.0892791748046875,
and_tree,2048,sbc_half,cvc5,smt,SAT,1,0.8564496040344238,
and_tree,2048,sbc_half,cvc5,smt,SAT,2,0.8094761371612549,
and_tree,2048,sbc_half,cvc5,smt,SAT,3,0.7506647109985352,
and_tree,4096,base,gecode,minizinc,SAT,1,0.43681955337524414,0.0047759
and_tree,4096,base,gecode,minizinc,SAT,2,0.434924840927124,0.00459911
and_tree,4096,base,gecode,minizinc,SAT,3,0.5375821590423584,0.00641969
and_tree,4096,base,chuffed,minizinc,SAT,1,0.5203666687011719,0.006
and_tree,4096,base,chuffed,minizinc,SAT,2,0.4597494602203369,0.005
and_tree,4096,base,chuffed,minizinc,SAT,3,0.4908733367919922,0.005
and_tree,4096,base,z3,smt,SAT,1,0.18428611755371094,
and_tree,4096,base,z3,smt,SAT,2,0.18869471549987793,
and_tree,4096,base,z3,smt,SAT,3,0.2491440773010254,
and_tree,4096,base,cvc5,smt,SAT,1,5.10788893699646,
and_tree,4096,base,cvc5,smt,SAT,2,4.837394714355469,
and_tree,4096,base,cvc5,smt,SAT,3,4.769132852554321,
and_tree,4096,sbc,gecode,minizinc,SAT,1,0.48889780044555664,0.00456157
and_tree,4096,sbc,gecode,minizinc,SAT,2,0.47468996047973633,0.00447159
and_tree,4096,sbc,gecode,minizinc,SAT,3,0.4483025074005127,0.00502854
and_tree,4096,sbc,chuffed,minizinc,SAT,1,0.4611949920654297,0.005
and_tree,4096,sbc,chuffed,minizinc,SAT,2,0.44563889503479004,0.005
and_tree,4096,sbc,chuffed,minizinc,SAT,3,0.4437432289123535,0.006
and_tree,4096,sbc,z3,smt,SAT,1,0.22055864334106445,
and_tree,4096,sbc,z3,smt,SAT,2,0.21462726593017578,
and_tree,4096,sbc,z3,smt,SAT,3,0.19835305213928223,
and_tree,4096,sbc,cvc5,smt,SAT,1,4.952636957168579,
and_tree,4096,sbc,cvc5,smt,SAT,2,4.907854318618774,
and_tree,4096,sbc,cvc5,smt,SAT,3,4.904867649078369,
and_tree,4096,sbc_half,gecode,minizinc,SAT,1,0.3672926425933838,0.00252161
and_tree,4096,sbc_half,gecode,minizinc,SAT,2,0.36594676971435547,0.00257243
and_tree,4096,sbc_half,gecode,minizinc,SAT,3,0.3543431758880615,0.00212043
and_tree,4096,sbc_half,chuffed,minizinc,SAT,1,0.379011869430542,0.002
and_tree,4096,sbc_half,chuffed,minizinc,SAT,2,0.3749120235443115,0.003
and_tree,4096,sbc_half,chuffed,minizinc,SAT,3,0.42362165451049805,0.004
and_tree,4096,sbc_half,z3,smt,SAT,1,0.21187400817871094,
and_tree,4096,sbc_half,z3,smt,SAT,2,0.20162200927734375,
and_tree,4096,sbc_half,z3,smt,SAT,3,0.16995930671691895,
and_tree,4096,sbc_half,cvc5,smt,SAT,1,2.3973758220672607,
and_tree,4096,sbc_half,cvc5,smt,SAT,2,2.355123281478882,
and_tree,4096,sbc_half,cvc5,smt,SAT,3,2.3102216720581055,
comparator,4,base,gecode,minizinc,SAT,1,0.16553640365600586,9.2204e-05
comparator,4,base,gecode,minizinc,SAT,2,0.14897489547729492,8.9469e-05
comparator,4,base,gecode,minizinc,SAT,3,0.16082310676574707,0.000114436
comparator,4,base,chuffed,minizinc,SAT,1,0.15801024436950684,0.0
comparator,4,base,chuffed,minizinc,SAT,2,0.15480780601501465,0.0
comparator,4,base,chuffed,minizinc,SAT,3,0.1525721549987793,0.0
comparator,4,base,z3,smt,SAT,1,0.020653963088989258,
comparator,4,base,z3,smt,SAT,2,0.01882004737854004,
comparator,4,base,z3,smt,SAT,3,0.020691633224487305,
comparator,4,base,cvc5,smt,SAT,1,0.01294398307800293,
comparator,4,base,cvc5,smt,SAT,2,0.01379084587097168,
comparator,4,base,cvc5,smt,SAT,3,0.012961149215698242,
comparator,4,sbc,gecode,minizinc,SAT,1,0.15473341941833496,0.000100219
comparator,4,sbc,gecode,minizinc,SAT,2,0.14561057090759277,0.000106531
comparator,4,sbc,gecode,minizinc,SAT,3,0.15305280685424805,0.000148349
comparator,4,sbc,chuffed,minizinc,SAT,1,0.19804906845092773,0.0
comparator,4,sbc,chuffed,minizinc,SAT,2,0.15034198760986328,0.0
comparator,4,sbc,chuffed,minizinc,SAT,3,0.18479704856872559,0.0
comparator,4,sbc,z3,smt,SAT,1,0.02060532569885254,
comparator,4,sbc,z3,smt,SAT,2,0.02174830436706543,
comparator,4,sbc,z3,smt,SAT,3,0.019706249237060547,
comparator,4,sbc,cvc5,smt,SAT,1,0.011414527893066406,
comparator,4,sbc,cvc5,smt,SAT,2,0.012446403503417969,
comparator,4,sbc,cvc5,smt,SAT,3,0.012056112289428711,
comparator,4,sbc_half,gecode,minizinc,SAT,1,0.15753531455993652,8.9328e-05
comparator,4,sbc_half,gecode,minizinc,SAT,2,0.15649700164794922,0.000119465
comparator,4,sbc_half,gecode,minizinc,SAT,3,0.1643047332763672,0.000121859
comparator,4,sbc_half,chuffed,minizinc,SAT,1,0.15903162956237793,0.0
comparator,4,sbc_half,chuffed,minizinc,SAT,2,0.14983177185058594,0.0
comparator,4,sbc_half,chuffed,minizinc,SAT,3,0.14726018905639648,0.0
comparator,4,sbc_half,z3,smt,SAT,1,0.017472267150878906,
comparator,4,sbc_half,z3,smt,SAT,2,0.01728200912475586,
comparator,4,sbc_half,z3,smt,SAT,3,0.02136969566345215,
comparator,4,sbc_half,cvc5,smt,SAT,1,0.011430740356445312,
comparator,4,sbc_half,cvc5,smt,SAT,2,0.012391805648803711,
comparator,4,sbc_half,cvc5,smt,SAT,3,0.009796619415283203,
comparator,8,base,gecode,minizinc,SAT,1,0.16852021217346191,0.000119575
comparator,8,base,gecode,minizinc,SAT,2,0.1483137607574463,0.000138241
comparator,8,base,gecode,minizinc,SAT,3,0.17749547958374023,0.000131597
comparator,8,base,chuffed,minizinc,SAT,1,0.15572404861450195,0.0
comparator,8,base,chuffed,minizinc,SAT,2,0.158797025680542,0.0
comparator,8,base,chuffed,minizinc,SAT,3,0.1567094326019287,0.0
comparator,8,base,z3,smt,SAT,1,0.021001815795898438,
comparator,8,base,z3,smt,SAT,2,0.0218813419342041,
comparator,8,base,z3,smt,SAT,3,0.02072882652282715,
comparator,8,base,cvc5,smt,SAT,1,0.02593517303466797,
comparator,8,base,cvc5,smt,SAT,2,0.023407459259033203,
comparator,8,base,cvc5,smt,SAT,3,0.019078731536865234,
comparator,8,sbc,gecode,minizinc,SAT,1,0.15922069549560547,0.000161123
comparator,8,sbc,gecode,minizinc,SAT,2,0.16080141067504883,0.000141697
comparator,8,sbc,gecode,minizinc,SAT,3,0.16112303733825684,0.000197131
comparator,8,sbc,chuffed,minizinc,SAT,1,0.15139079093933105,0.0
comparator,8,sbc,chuffed,minizinc,SAT,2,0.1508042812347412,0.0
comparator,8,sbc,chuffed,minizinc,SAT,3,0.15589308738708496,0.0
comparator,8,sbc,z3,smt,SAT,1,0.020315885543823242,
comparator,8,sbc,z3,smt,SAT,2,0.019400358200073242,
comparator,8,sbc,z3,smt,SAT,3,0.01993727684020996,
comparator,8,sbc,cvc5,smt,SAT,1,0.018923282623291016,
comparator,8,sbc,cvc5,smt,SAT,2,0.01916050910949707,
comparator,8,sbc,cvc5,smt,SAT,3,0.021684646606445312,
comparator,8,sbc_half,gecode,minizinc,SAT,1,0.1502513885498047,0.000125627
comparator,8,sbc_half,gecode,minizinc,SAT,2,0.16988658905029297,0.000117491
comparator,8,sbc_half,gecode,minizinc,SAT,3,0.15114474296569824,0.000152968
comparator,8,sbc_half,chuffed,minizinc,SAT,1,0.15943670272827148,0.0
comparator,8,sbc_half,chuffed,minizinc,SAT,2,0.1554853916168213,0.0
comparator,8,sbc_half,chuffed,minizinc,SAT,3,0.15459918975830078,0.0
comparator,8,sbc_half,z3,smt,SAT,1,0.027121543884277344,
comparator,8,sbc_half,z3,smt,SAT,2,0.01883697509765625,
comparator,8,sbc_half,z3,smt,SAT,3,0.018737316131591797,
comparator,8,sbc_half,cvc5,smt,SAT,1,0.017516374588012695,
comparator,8,sbc_half,cvc5,smt,SAT,2,0.016627788543701172,
comparator,8,sbc_half,cvc5,smt,SAT,3,0.01535487174987793,
comparator,12,base,gecode,minizinc,SAT,1,0.16964960098266602,0.00024403
comparator,12,base,gecode,minizinc,SAT,2,0.1609647274017334,0.00014327
comparator,12,base,gecode,minizinc,SAT,3,0.15869975090026855,0.000159089
comparator,12,base,chuffed,minizinc,SAT,1,0.1588573455810547,0.0
comparator,12,base,chuffed,minizinc,SAT,2,0.15647673606872559,0.0
comparator,12,base,chuffed,minizinc,SAT,3,0.16127467155456543,0.0
comparator,12,base,z3,smt,SAT,1,0.025707483291625977,
comparator,12,base,z3,smt,SAT,2,0.025331497192382812,
comparator,12,base,z3,smt,SAT,3,0.020984649658203125,
comparator,12,base,cvc5,smt,SAT,1,0.03237414360046387,
comparator,12,base,cvc5,smt,SAT,2,0.03063201904296875,
comparator,12,base,cvc5,smt,SAT,3,0.040572166442871094,
comparator,12,sbc,gecode,minizinc,SAT,1,0.1757345199584961,0.000196491
comparator,12,sbc,gecode,minizinc,SAT,2,0.15591883659362793,0.00018575
comparator,12,sbc,gecode,minizinc,SAT,3,0.15913748741149902,0.000231597
comparator,12,sbc,chuffed,minizinc,SAT,1,0.15023565292358398,0.0
comparator,12,sbc,chuffed,minizinc,SAT,2,0.16702532768249512,0.0
comparator,12,sbc,chuffed,minizinc,SAT,3,0.14928698539733887,0.0
comparator,12,sbc,z3,smt,SAT,1,0.019754886627197266,
comparator,12,sbc,z3,smt,SAT,2,0.025395631790161133,
comparator,12,sbc,z3,smt,SAT,3,0.021178722381591797,
comparator,12,sbc,cvc5,smt,SAT,1,0.03043389320373535,
comparator,12,sbc,cvc5,smt,SAT,2,0.030295848846435547,
comparator,12,sbc,cvc5,smt,SAT,3,0.03181028366088867,
comparator,12,sbc_half,gecode,minizinc,SAT,1,0.16008424758911133,0.000165973
comparator,12,sbc_half,gecode,minizinc,SAT,2,0.15513038635253906,0.000206468
comparator,12,sbc_half,gecode,minizinc,SAT,3,0.16518020629882812,0.000160763
comparator,12,sbc_half,chuffed,minizinc,SAT,1,0.15639090538024902,0.0
comparator,12,sbc_half,chuffed,minizinc,SAT,2,0.15752959251403809,0.0
comparator,12,sbc_half,chuffed,minizinc,SAT,3,0.15444159507751465,0.0
comparator,12,sbc_half,z3,smt,SAT,1,0.019389629364013672,
comparator,12,sbc_half,z3,smt,SAT,2,0.02346348762512207,
comparator,12,sbc_half,z3,smt,SAT,3,0.02337932586669922,
comparator,12,sbc_half,cvc5,smt,SAT,1,0.023407936096191406,
comparator,12,sbc_half,cvc5,smt,SAT,2,0.024127483367919922,
comparator,12,sbc_half,cvc5,smt,SAT,3,0.02646636962890625,
comparator,16,base,gecode,minizinc,SAT,1,0.1648552417755127,0.000173507
comparator,16,base,gecode,minizinc,SAT,2,0.17147517204284668,0.000192433
comparator,16,base,gecode,minizinc,SAT,3,0.16370797157287598,0.000177705
comparator,16,base,chuffed,minizinc,SAT,1,0.1542956829071045,0.001
comparator,16,base,chuffed,minizinc,SAT,2,0.1651017665863037,0.0
comparator,16,base,chuffed,minizinc,SAT,3,0.1645040512084961,0.0
comparator,16,base,z3,smt,SAT,1,0.020977258682250977,
comparator,16,base,z3,smt,SAT,2,0.0201261043548584,
comparator,16,base,z3,smt,SAT,3,0.02322673797607422,
comparator,16,base,cvc5,smt,SAT,1,0.045957088470458984,
comparator,16,base,cvc5,smt,SAT,2,0.045096397399902344,
comparator,16,base,cvc5,smt,SAT,3,0.04368305206298828,
comparator,16,sbc,gecode,minizinc,SAT,1,0.16422414779663086,0.000284707
comparator,16,sbc,gecode,minizinc,SAT,2,0.18076205253601074,0.000227639
comparator,16,sbc,gecode,minizinc,SAT,3,0.16479277610778809,0.000221818
comparator,16,sbc,chuffed,minizinc,SAT,1,0.16077685356140137,0.001
comparator,16,sbc,chuffed,minizinc,SAT,2,0.15499639511108398,0.0
comparator,16,sbc,chuffed,minizinc,SAT,3,0.16354703903198242,0.0
comparator,16,sbc,z3,smt,SAT,1,0.02116107940673828,
comparator,16,sbc,z3,smt,SAT,2,0.0237429141998291,
comparator,16,sbc,z3,smt,SAT,3,0.021343469619750977,
comparator,16,sbc,cvc5,smt,SAT,1,0.04734349250793457,
comparator,16,sbc,cvc5,smt,SAT,2,0.04580521583557129,
comparator,16,sbc,cvc5,smt,SAT,3,0.04294872283935547,
comparator,16,sbc_half,gecode,minizinc,SAT,1,0.16604924201965332,0.000170882
comparator,16,sbc_half,gecode,minizinc,SAT,2,0.1617569923400879,0.000176162
comparator,16,sbc_half,gecode,minizinc,SAT,3,0.1611037254333496,0.000213082
comparator,16,sbc_half,chuffed,minizinc,SAT,1,0.16715455055236816,0.0
comparator,16,sbc_half,chuffed,minizinc,SAT,2,0.15903377532958984,0.0
comparator,16,sbc_half,chuffed,minizinc,SAT,3,0.16013550758361816,0.0
comparator,16,sbc_half,z3,smt,SAT,1,0.02039623260498047,
comparator,16,sbc_half,z3,smt,SAT,2,0.01975870132446289,
comparator,16,sbc_half,z3,smt,SAT,3,0.02051520347595215,
comparator,16,sbc_half,cvc5,smt,SAT,1,0.03589010238647461,
comparator,16,sbc_half,cvc5,smt,SAT,2,0.0411067008972168,
comparator,16,sbc_half,cvc5,smt,SAT,3,0.03643393516540527,
comparator,20,base,gecode,minizinc,SAT,1,0.1581721305847168,0.000306337
comparator,20,base,gecode,minizinc,SAT,2,0.165449857711792,0.000268796
comparator,20,base,gecode,minizinc,SAT,3,0.1707472801208496,0.000210146
comparator,20,base,chuffed,minizinc,SAT,1,0.16975903511047363,0.0
comparator,20,base,chuffed,minizinc,SAT,2,0.168809175491333,0.0
comparator,20,base,chuffed,minizinc,SAT,3,0.16203832626342773,0.0
comparator,20,base,z3,smt,SAT,1,0.021909236907958984,
comparator,20,base,z3,smt,SAT,2,0.025615930557250977,
comparator,20,base,z3,smt,SAT,3,0.022859573364257812,
comparator,20,base,cvc5,smt,SAT,1,0.061412811279296875,
comparator,20,base,cvc5,smt,SAT,2,0.06077122688293457,
comparator,20,base,cvc5,smt,SAT,3,0.06429648399353027,
comparator,20,sbc,gecode,minizinc,SAT,1,0.16956043243408203,0.000367893
comparator,20,sbc,gecode,minizinc,SAT,2,0.16984152793884277,0.000287642
comparator,20,sbc,gecode,minizinc,SAT,3,0.18155574798583984,0.000317969
comparator,20,sbc,chuffed,minizinc,SAT,1,0.15224790573120117,0.0
comparator,20,sbc,chuffed,minizinc,SAT,2,0.15154027938842773,0.0
comparator,20,sbc,chuffed,minizinc,SAT,3,0.16547393798828125,0.0
comparator,20,sbc,z3,smt,SAT,1,0.021541118621826172,
comparator,20,sbc,z3,smt,SAT,2,0.02356123924255371,
comparator,20,sbc,z3,smt,SAT,3,0.023643970489501953,
comparator,20,sbc,cvc5,smt,SAT,1,0.0626518726348877,
comparator,20,sbc,cvc5,smt,SAT,2,0.05765652656555176,
comparator,20,sbc,cvc5,smt,SAT,3,0.059421539306640625,
comparator,20,sbc_half,gecode,minizinc,SAT,1,0.16318368911743164,0.000229071
comparator,20,sbc_half,gecode,minizinc,SAT,2,0.1720261573791504,0.000263536
comparator,20,sbc_half,gecode,minizinc,SAT,3,0.1678485870361328,0.000210917
comparator,20,sbc_half,chuffed,minizinc,SAT,1,0.16372251510620117,0.0
comparator,20,sbc_half,chuffed,minizinc,SAT,2,0.17191863059997559,0.0
comparator,20,sbc_half,chuffed,minizinc,SAT,3,0.15842962265014648,0.0
comparator,20,sbc_half,z3,smt,SAT,1,0.0229644775390625,
comparator,20,sbc_half,z3,smt,SAT,2,0.023459196090698242,
comparator,20,sbc_half,z3,smt,SAT,3,0.027633190155029297,
comparator,20,sbc_half,cvc5,smt,SAT,1,0.045989274978637695,
comparator,20,sbc_half,cvc5,smt,SAT,2,0.04522967338562012,
comparator,20,sbc_half,cvc5,smt,SAT,3,0.04715418815612793,
comparator,24,base,gecode,minizinc,SAT,1,0.16399097442626953,0.000231055
comparator,24,base,gecode,minizinc,SAT,2,0.166182279586792,0.000250863
comparator,24,base,gecode,minizinc,SAT,3,0.17153215408325195,0.000265069
comparator,24,base,chuffed,minizinc,SAT,1,0.1621239185333252,0.0
comparator,24,base,chuffed,minizinc,SAT,2,0.16229581832885742,0.001
comparator,24,base,chuffed,minizinc,SAT,3,0.15831995010375977,0.0
comparator,24,base,z3,smt,SAT,1,0.029231786727905273,
comparator,24,base,z3,smt,SAT,2,0.025069713592529297,
comparator,24,base,z3,smt,SAT,3,0.022678375244140625,
comparator,24,base,cvc5,smt,SAT,1,0.08395004272460938,
comparator,24,base,cvc5,smt,SAT,2,0.08652901649475098,
comparator,24,base,cvc5,smt,SAT,3,0.07812666893005371,
comparator,24,sbc,gecode,minizinc,SAT,1,0.16667413711547852,0.000346052
comparator,24,sbc,gecode,minizinc,SAT,2,0.17092227935791016,0.000359377
comparator,24,sbc,gecode,minizinc,SAT,3,0.15987062454223633,0.000392469
comparator,24,sbc,chuffed,minizinc,SAT,1,0.15981650352478027,0.0
comparator,24,sbc,chuffed,minizinc,SAT,2,0.16008448600769043,0.0
comparator,24,sbc,chuffed,minizinc,SAT,3,0.15723705291748047,0.0
comparator,24,sbc,z3,smt,SAT,1,0.028586626052856445,
comparator,24,sbc,z3,smt,SAT,2,0.024949312210083008,
comparator,24,sbc,z3,smt,SAT,3,0.02741718292236328,
comparator,24,sbc,cvc5,smt,SAT,1,0.0790090560913086,
comparator,24,sbc,cvc5,smt,SAT,2,0.07844138145446777,
comparator,24,sbc,cvc5,smt,SAT,3,0.08542704582214355,
comparator,24,sbc_half,gecode,minizinc,SAT,1,0.19121193885803223,0.000590633
comparator,24,sbc_half,gecode,minizinc,SAT,2,0.17807555198669434,0.000246454
comparator,24,sbc_half,gecode,minizinc,SAT,3,0.16438746452331543,0.000236365
comparator,24,sbc_half,chuffed,minizinc,SAT,1,0.16695642471313477,0.0
comparator,24,sbc_half,chuffed,minizinc,SAT,2,0.1584923267364502,0.0
comparator,24,sbc_half,chuffed,minizinc,SAT,3,0.16027593612670898,0.0
comparator,24,sbc_half,z3,smt,SAT,1,0.02255868911743164,
comparator,24,sbc_half,z3,smt,SAT,2,0.027121782302856445,
comparator,24,sbc_half,z3,smt,SAT,3,0.02212691307067871,
comparator,24,sbc_half,cvc5,smt,SAT,1,0.06162261962890625,
comparator,24,sbc_half,cvc5,smt,SAT,2,0.058058738708496094,
comparator,24,sbc_half,cvc5,smt,SAT,3,0.0592193603515625,
comparator,28,base,gecode,minizinc,SAT,1,0.18818044662475586,0.000357544
comparator,28,base,gecode,minizinc,SAT,2,0.2162942886352539,0.000362573
comparator,28,base,gecode,minizinc,SAT,3,0.16879057884216309,0.000281721
comparator,28,base,chuffed,minizinc,SAT,1,0.15112519264221191,0.0
comparator,28,base,chuffed,minizinc,SAT,2,0.15403318405151367,0.0
comparator,28,base,chuffed,minizinc,SAT,3,0.16342949867248535,0.0
comparator,28,base,z3,smt,SAT,1,0.02835869789123535,
comparator,28,base,z3,smt,SAT,2,0.025998830795288086,
comparator,28,base,z3,smt,SAT,3,0.022606849670410156,
comparator,28,base,cvc5,smt,SAT,1,0.11793947219848633,
comparator,28,base,cvc5,smt,SAT,2,0.11670136451721191,
comparator,28,base,cvc5,smt,SAT,3,0.11469578742980957,
comparator,28,sbc,gecode,minizinc,SAT,1,0.16233086585998535,0.000471378
comparator,28,sbc,gecode,minizinc,SAT,2,0.16752409934997559,0.000483811
comparator,28,sbc,gecode,minizinc,SAT,3,0.16711163520812988,0.000637381
comparator,28,sbc,chuffed,minizinc,SAT,1,0.15177392959594727,0.0
comparator,28,sbc,chuffed,minizinc,SAT,2,0.16849994659423828,0.0
comparator,28,sbc,chuffed,minizinc,SAT,3,0.1629323959350586,0.0
comparator,28,sbc,z3,smt,SAT,1,0.026582717895507812,
comparator,28,sbc,z3,smt,SAT,2,0.023608922958374023,
comparator,28,sbc,z3,smt,SAT,3,0.023802757263183594,
comparator,28,sbc,cvc5,smt,SAT,1,0.10593223571777344,
comparator,28,sbc,cvc5,smt,SAT,2,0.11986589431762695,
comparator,28,sbc,cvc5,smt,SAT,3,0.10763216018676758,
comparator,28,sbc_half,gecode,minizinc,SAT,1,0.1698305606842041,0.000332667
comparator,28,sbc_half,gecode,minizinc,SAT,2,0.17779088020324707,0.000298061
comparator,28,sbc_half,gecode,minizinc,SAT,3,0.16855978965759277,0.000417767
comparator,28,sbc_half,chuffed,minizinc,SAT,1,0.15424156188964844,0.0
comparator,28,sbc_half,chuffed,minizinc,SAT,2,0.16187000274658203,0.0
comparator,28,sbc_half,chuffed,minizinc,SAT,3,0.1560807228088379,0.0
comparator,28,sbc_half,z3,smt,SAT,1,0.022544145584106445,
comparator,28,sbc_half,z3,smt,SAT,2,0.021580934524536133,
comparator,28,sbc_half,z3,smt,SAT,3,0.02289414405822754,
comparator,28,sbc_half,cvc5,smt,SAT,1,0.07576203346252441,
comparator,28,sbc_half,cvc5,smt,SAT,2,0.07620954513549805,
comparator,28,sbc_half,cvc5,smt,SAT,3,0.08791661262512207,
comparator,32,base,gecode,minizinc,SAT,1,0.17607951164245605,0.000482589
comparator,32,base,gecode,minizinc,SAT,2,0.16756677627563477,0.000317768
comparator,32,base,gecode,minizinc,SAT,3,0.16548871994018555,0.00029723
comparator,32,base,chuffed,minizinc,SAT,1,0.15936827659606934,0.0
comparator,32,base,chuffed,minizinc,SAT,2,0.2044086456298828,0.0
comparator,32,base,chuffed,minizinc,SAT,3,0.1589205265045166,0.0
comparator,32,base,z3,smt,SAT,1,0.02666473388671875,
comparator,32,base,z3,smt,SAT,2,0.024302244186401367,
comparator,32,base,z3,smt,SAT,3,0.025693416595458984,
comparator,32,base,cvc5,smt,SAT,1,0.15636110305786133,
comparator,32,base,cvc5,smt,SAT,2,0.13774561882019043,
comparator,32,base,cvc5,smt,SAT,3,0.13139581680297852,
comparator,32,sbc,gecode,minizinc,SAT,1,0.18013811111450195,0.00052023
comparator,32,sbc,gecode,minizinc,SAT,2,0.1743628978729248,0.000518637
comparator,32,sbc,gecode,minizinc,SAT,3,0.16704869270324707,0.000504059
comparator,32,sbc,chuffed,minizinc,SAT,1,0.1590569019317627,0.0
comparator,32,sbc,chuffed,minizinc,SAT,2,0.15933990478515625,0.0
comparator,32,sbc,chuffed,minizinc,SAT,3,0.1621716022491455,0.0
comparator,32,sbc,z3,smt,SAT,1,0.024608850479125977,
comparator,32,sbc,z3,smt,SAT,2,0.024469852447509766,
comparator,32,sbc,z3,smt,SAT,3,0.024881601333618164,
comparator,32,sbc,cvc5,smt,SAT,1,0.13352513313293457,
comparator,32,sbc,cvc5,smt,SAT,2,0.13126611709594727,
comparator,32,sbc,cvc5,smt,SAT,3,0.13418316841125488,
comparator,32,sbc_half,gecode,minizinc,SAT,1,0.1737499237060547,0.000357643
comparator,32,sbc_half,gecode,minizinc,SAT,2,0.16508150100708008,0.000425361
comparator,32,sbc_half,gecode,minizinc,SAT,3,0.16991758346557617,0.000359657
comparator,32,sbc_half,chuffed,minizinc,SAT,1,0.15491700172424316,0.0
comparator,32,sbc_half,chuffed,minizinc,SAT,2,0.16474461555480957,0.0
comparator,32,sbc_half,chuffed,minizinc,SAT,3,0.17031049728393555,0.0
comparator,32,sbc_half,z3,smt,SAT,1,0.02404475212097168,
comparator,32,sbc_half,z3,smt,SAT,2,0.023693561553955078,
comparator,32,sbc_half,z3,smt,SAT,3,0.023613929748535156,
comparator,32,sbc_half,cvc5,smt,SAT,1,0.09488582611083984,
comparator,32,sbc_half,cvc5,smt,SAT,2,0.09600114822387695,
comparator,32,sbc_half,cvc5,smt,SAT,3,0.09880638122558594,
comparator,48,base,gecode,minizinc,SAT,1,0.1811521053314209,0.000749652
comparator,48,base,gecode,minizinc,SAT,2,0.18675994873046875,0.00057864
comparator,48,base,gecode,minizinc,SAT,3,0.18093037605285645,0.000687014
comparator,48,base,chuffed,minizinc,SAT,1,0.17235517501831055,0.0
comparator,48,base,chuffed,minizinc,SAT,2,0.1630082130432129,0.0
comparator,48,base,chuffed,minizinc,SAT,3,0.1876678466796875,0.0
comparator,48,base,z3,smt,SAT,1,0.031830787658691406,
comparator,48,base,z3,smt,SAT,2,0.02970600128173828,
comparator,48,base,z3,smt,SAT,3,0.02766561508178711,
comparator,48,base,cvc5,smt,SAT,1,0.32796740531921387,
comparator,48,base,cvc5,smt,SAT,2,0.2789022922515869,
comparator,48,base,cvc5,smt,SAT,3,0.3278391361236572,
comparator,48,sbc,gecode,minizinc,SAT,1,0.21222591400146484,0.00227226
comparator,48,sbc,gecode,minizinc,SAT,2,0.18046045303344727,0.00122957
comparator,48,sbc,gecode,minizinc,SAT,3,0.17748355865478516,0.000895907
comparator,48,sbc,chuffed,minizinc,SAT,1,0.17285490036010742,0.0
comparator,48,sbc,chuffed,minizinc,SAT,2,0.1668386459350586,0.0
comparator,48,sbc,chuffed,minizinc,SAT,3,0.17177700996398926,0.0
comparator,48,sbc,z3,smt,SAT,1,0.031058549880981445,
comparator,48,sbc,z3,smt,SAT,2,0.030184030532836914,
comparator,48,sbc,z3,smt,SAT,3,0.03276801109313965,
comparator,48,sbc,cvc5,smt,SAT,1,0.34329986572265625,
comparator,48,sbc,cvc5,smt,SAT,2,0.28343725204467773,
comparator,48,sbc,cvc5,smt,SAT,3,0.271655797958374,
comparator,48,sbc_half,gecode,minizinc,SAT,1,0.2038130760192871,0.000660034
comparator,48,sbc_half,gecode,minizinc,SAT,2,0.19549822807312012,0.000566618
comparator,48,sbc_half,gecode,minizinc,SAT,3,0.18803048133850098,0.000506645
comparator,48,sbc_half,chuffed,minizinc,SAT,1,0.1752636432647705,0.001
comparator,48,sbc_half,chuffed,minizinc,SAT,2,0.1707766056060791,0.0
comparator,48,sbc_half,chuffed,minizinc,SAT,3,0.17006349563598633,0.001
comparator,48,sbc_half,z3,smt,SAT,1,0.02648138999938965,
comparator,48,sbc_half,z3,smt,SAT,2,0.026673316955566406,
comparator,48,sbc_half,z3,smt,SAT,3,0.028573989868164062,
comparator,48,sbc_half,cvc5,smt,SAT,1,0.1929619312286377,
comparator,48,sbc_half,cvc5,smt,SAT,2,0.18345284461975098,
comparator,48,sbc_half,cvc5,smt,SAT,3,0.19465398788452148,
comparator,64,base,gecode,minizinc,SAT,1,0.18354034423828125,0.00078571
comparator,64,base,gecode,minizinc,SAT,2,0.17054510116577148,0.000797231
comparator,64,base,gecode,minizinc,SAT,3,0.17887234687805176,0.000771634
comparator,64,base,chuffed,minizinc,SAT,1,0.1819777488708496,0.0
comparator,64,base,chuffed,minizinc,SAT,2,0.18616509437561035,0.0
comparator,64,base,chuffed,minizinc,SAT,3,0.18718218803405762,0.0
comparator,64,base,z3,smt,SAT,1,0.03544330596923828,
comparator,64,base,z3,smt,SAT,2,0.03485441207885742,
comparator,64,base,z3,smt,SAT,3,0.037276268005371094,
comparator,64,base,cvc5,smt,SAT,1,0.46085071563720703,
comparator,64,base,cvc5,smt,SAT,2,0.4563732147216797,
comparator,64,base,cvc5,smt,SAT,3,0.46349096298217773,
comparator,64,sbc,gecode,minizinc,SAT,1,0.22053885459899902,0.00179229
comparator,64,sbc,gecode,minizinc,SAT,2,0.203155517578125,0.00171983
comparator,64,sbc,gecode,minizinc,SAT,3,0.17960238456726074,0.00162132
comparator,64,sbc,chuffed,minizinc,SAT,1,0.20320510864257812,0.0
comparator,64,sbc,chuffed,minizinc,SAT,2,0.19722676277160645,0.001
comparator,64,sbc,chuffed,minizinc,SAT,3,0.20775604248046875,0.0
comparator,64,sbc,z3,smt,SAT,1,0.0341336727142334,
comparator,64,sbc,z3,smt,SAT,2,0.03298616409301758,
comparator,64,sbc,z3,smt,SAT,3,0.03561043739318848,
comparator,64,sbc,cvc5,smt,SAT,1,0.46352243423461914,
comparator,64,sbc,cvc5,smt,SAT,2,0.4911532402038574,
comparator,64,sbc,cvc5,smt,SAT,3,0.6771962642669678,
comparator,64,sbc_half,gecode,minizinc,SAT,1,0.21113038063049316,0.00124466
comparator,64,sbc_half,gecode,minizinc,SAT,2,0.1798415184020996,0.000971459
comparator,64,sbc_half,gecode,minizinc,SAT,3,0.18425703048706055,0.000890918
comparator,64,sbc_half,chuffed,minizinc,SAT,1,0.17645907402038574,0.0
comparator,64,sbc_half,chuffed,minizinc,SAT,2,0.18065524101257324,0.0
comparator,64,sbc_half,chuffed,minizinc,SAT,3,0.18587350845336914,0.0
comparator,64,sbc_half,z3,smt,SAT,1,0.029751062393188477,
comparator,64,sbc_half,z3,smt,SAT,2,0.02877521514892578,
comparator,64,sbc_half,z3,smt,SAT,3,0.028304576873779297,
comparator,64,sbc_half,cvc5,smt,SAT,1,0.308490514755249,
comparator,64,sbc_half,cvc5,smt,SAT,2,0.3474249839782715,
comparator,64,sbc_half,cvc5,smt,SAT,3,0.30025291442871094,
comparator,96,base,gecode,minizinc,SAT,1,0.19826984405517578,0.00137294
comparator,96,base,gecode,minizinc,SAT,2,0.19624829292297363,0.00154429
comparator,96,base,gecode,minizinc,SAT,3,0.19737648963928223,0.00137105
comparator,96,base,chuffed,minizinc,SAT,1,0.18738269805908203,0.001
comparator,96,base,chuffed,minizinc,SAT,2,0.19692063331604004,0.0
comparator,96,base,chuffed,minizinc,SAT,3,0.18196988105773926,0.001
comparator,96,base,z3,smt,SAT,1,0.04096364974975586,
comparator,96,base,z3,smt,SAT,2,0.03969526290893555,
comparator,96,base,z3,smt,SAT,3,0.039724111557006836,
comparator,96,base,cvc5,smt,SAT,1,1.0795691013336182,
comparator,96,base,cvc5,smt,SAT,2,1.1213281154632568,
comparator,96,base,cvc5,smt,SAT,3,1.0202457904815674,
comparator,96,sbc,gecode,minizinc,SAT,1,0.20539617538452148,0.0036278
comparator,96,sbc,gecode,minizinc,SAT,2,0.22505640983581543,0.00354724
comparator,96,sbc,gecode,minizinc,SAT,3,0.2066030502319336,0.00301885
comparator,96,sbc,chuffed,minizinc,SAT,1,0.21006107330322266,0.001
comparator,96,sbc,chuffed,minizinc,SAT,2,0.1950380802154541,0.0
comparator,96,sbc,chuffed,minizinc,SAT,3,0.18963241577148438,0.001
comparator,96,sbc,z3,smt,SAT,1,0.046442270278930664,
comparator,96,sbc,z3,smt,SAT,2,0.040348052978515625,
comparator,96,sbc,z3,smt,SAT,3,0.03922867774963379,
comparator,96,sbc,cvc5,smt,SAT,1,1.1034224033355713,
comparator,96,sbc,cvc5,smt,SAT,2,1.1215589046478271,
comparator,96,sbc,cvc5,smt,SAT,3,1.1041696071624756,
comparator,96,sbc_half,gecode,minizinc,SAT,1,0.2026205062866211,0.00226611
comparator,96,sbc_half,gecode,minizinc,SAT,2,0.20029067993164062,0.00187037
comparator,96,sbc_half,gecode,minizinc,SAT,3,0.22408294677734375,0.00176154
comparator,96,sbc_half,chuffed,minizinc,SAT,1,0.18629193305969238,0.0
comparator,96,sbc_half,chuffed,minizinc,SAT,2,0.19849395751953125,0.0
comparator,96,sbc_half,chuffed,minizinc,SAT,3,0.17944884300231934,0.0
comparator,96,sbc_half,z3,smt,SAT,1,0.03511333465576172,
comparator,96,sbc_half,z3,smt,SAT,2,0.04121899604797363,
comparator,96,sbc_half,z3,smt,SAT,3,0.04008984565734863,
comparator,96,sbc_half,cvc5,smt,SAT,1,0.6645729541778564,
comparator,96,sbc_half,cvc5,smt,SAT,2,0.7385902404785156,
comparator,96,sbc_half,cvc5,smt,SAT,3,0.7829134464263916,
comparator,128,base,gecode,minizinc,SAT,1,0.22216010093688965,0.00288101
comparator,128,base,gecode,minizinc,SAT,2,0.20418691635131836,0.00235754
comparator,128,base,gecode,minizinc,SAT,3,0.20677495002746582,0.00225619
comparator,128,base,chuffed,minizinc,SAT,1,0.2294459342956543,0.001
comparator,128,base,chuffed,minizinc,SAT,2,0.21208953857421875,0.0
comparator,128,base,chuffed,minizinc,SAT,3,0.19544506072998047,0.0
comparator,128,base,z3,smt,SAT,1,0.06326055526733398,
comparator,128,base,z3,smt,SAT,2,0.054121971130371094,
comparator,128,base,z3,smt,SAT,3,0.05881309509277344,
comparator,128,base,cvc5,smt,SAT,1,2.0216212272644043,
comparator,128,base,cvc5,smt,SAT,2,1.9505059719085693,
comparator,128,base,cvc5,smt,SAT,3,1.8558380603790283,
comparator,128,sbc,gecode,minizinc,SAT,1,0.21058320999145508,0.00597017
comparator,128,sbc,gecode,minizinc,SAT,2,0.24555683135986328,0.00556022
comparator,128,sbc,gecode,minizinc,SAT,3,0.250136137008667,0.0149073
comparator,128,sbc,chuffed,minizinc,SAT,1,0.2073965072631836,0.001
comparator,128,sbc,chuffed,minizinc,SAT,2,0.20828843116760254,0.001
comparator,128,sbc,chuffed,minizinc,SAT,3,0.2185685634613037,0.001
comparator,128,sbc,z3,smt,SAT,1,0.052069664001464844,
comparator,128,sbc,z3,smt,SAT,2,0.04888510704040527,
comparator,128,sbc,z3,smt,SAT,3,0.05188703536987305,
comparator,128,sbc,cvc5,smt,SAT,1,1.9634876251220703,
comparator,128,sbc,cvc5,smt,SAT,2,2.0715548992156982,
comparator,128,sbc,cvc5,smt,SAT,3,1.8682866096496582,
comparator,128,sbc_half,gecode,minizinc,SAT,1,0.1972367763519287,0.00362799
comparator,128,sbc_half,gecode,minizinc,SAT,2,0.2002403736114502,0.00273626
comparator,128,sbc_half,gecode,minizinc,SAT,3,0.19985055923461914,0.00257111
comparator,128,sbc_half,chuffed,minizinc,SAT,1,0.20120596885681152,0.0
comparator,128,sbc_half,chuffed,minizinc,SAT,2,0.22314238548278809,0.001
comparator,128,sbc_half,chuffed,minizinc,SAT,3,0.22582554817199707,0.0
comparator,128,sbc_half,z3,smt,SAT,1,0.04488968849182129,
comparator,128,sbc_half,z3,smt,SAT,2,0.042954206466674805,
comparator,128,sbc_half,z3,smt,SAT,3,0.055149078369140625,
comparator,128,sbc_half,cvc5,smt,SAT,1,1.3011443614959717,
comparator,128,sbc_half,cvc5,smt,SAT,2,1.3280682563781738,
comparator,128,sbc_half,cvc5,smt,SAT,3,1.372861623764038,
layered,8,base,gecode,minizinc,SAT,1,0.16863703727722168,8.8727e-05
layered,8,base,gecode,minizinc,SAT,2,0.1699836254119873,7.6024e-05
layered,8,base,gecode,minizinc,SAT,3,0.17524003982543945,0.000108174
layered,8,base,chuffed,minizinc,SAT,1,0.17391538619995117,0.0
layered,8,base,chuffed,minizinc,SAT,2,0.17022705078125,0.0
layered,8,base,chuffed,minizinc,SAT,3,0.1650550365447998,0.0
layered,8,base,z3,smt,SAT,1,0.023944616317749023,
layered,8,base,z3,smt,SAT,2,0.020611286163330078,
layered,8,base,z3,smt,SAT,3,0.020638465881347656,
layered,8,base,cvc5,smt,SAT,1,0.008769512176513672,
layered,8,base,cvc5,smt,SAT,2,0.007932901382446289,
layered,8,base,cvc5,smt,SAT,3,0.009665966033935547,
layered,8,sbc,gecode,minizinc,SAT,1,0.17174553871154785,7.8758e-05
layered,8,sbc,gecode,minizinc,SAT,2,0.171112060546875,0.00031334
layered,8,sbc,gecode,minizinc,SAT,3,0.18262982368469238,8.514e-05
layered,8,sbc,chuffed,minizinc,SAT,1,0.15205097198486328,0.0
layered,8,sbc,chuffed,minizinc,SAT,2,0.17305874824523926,0.0
layered,8,sbc,chuffed,minizinc,SAT,3,0.16584277153015137,0.0
layered,8,sbc,z3,smt,SAT,1,0.019070148468017578,
layered,8,sbc,z3,smt,SAT,2,0.017288923263549805,
layered,8,sbc,z3,smt,SAT,3,0.020081281661987305,
layered,8,sbc,cvc5,smt,SAT,1,0.011162996292114258,
layered,8,sbc,cvc5,smt,SAT,2,0.009397506713867188,
layered,8,sbc,cvc5,smt,SAT,3,0.0080108642578125,
layered,8,sbc_half,gecode,minizinc,SAT,1,0.17213869094848633,9.7935e-05
layered,8,sbc_half,gecode,minizinc,SAT,2,0.1702587604522705,9.2865e-05
layered,8,sbc_half,gecode,minizinc,SAT,3,0.16823101043701172,7.7876e-05
layered,8,sbc_half,chuffed,minizinc,SAT,1,0.16221976280212402,0.0
layered,8,sbc_half,chuffed,minizinc,SAT,2,0.17099285125732422,0.0
layered,8,sbc_half,chuffed,minizinc,SAT,3,0.15620994567871094,0.0
layered,8,sbc_half,z3,smt,SAT,1,0.0202939510345459,
layered,8,sbc_half,z3,smt,SAT,2,0.021103858947753906,
layered,8,sbc_half,z3,smt,SAT,3,0.02031421661376953,
layered,8,sbc_half,cvc5,smt,SAT,1,0.00620722770690918,
layered,8,sbc_half,cvc5,smt,SAT,2,0.006957054138183594,
layered,8,sbc_half,cvc5,smt,SAT,3,0.0063953399658203125,
layered,16,base,gecode,minizinc,SAT,1,0.16670513153076172,0.000107151
layered,16,base,gecode,minizinc,SAT,2,0.16233468055725098,9.2444e-05
layered,16,base,gecode,minizinc,SAT,3,0.15560555458068848,0.000113193
layered,16,base,chuffed,minizinc,SAT,1,0.16092991828918457,0.0
layered,16,base,chuffed,minizinc,SAT,2,0.16739177703857422,0.0
layered,16,base,chuffed,minizinc,SAT,3,0.16407108306884766,0.0
layered,16,base,z3,smt,SAT,1,0.019973039627075195,
layered,16,base,z3,smt,SAT,2,0.021075725555419922,
layered,16,base,z3,smt,SAT,3,0.019873619079589844,
layered,16,base,cvc5,smt,SAT,1,0.01222681999206543,
layered,16,base,cvc5,smt,SAT,2,0.009972810745239258,
layered,16,base,cvc5,smt,SAT,3,0.010692119598388672,
layered,16,sbc,gecode,minizinc,SAT,1,0.16564536094665527,0.000111139
layered,16,sbc,gecode,minizinc,SAT,2,0.17313838005065918,0.000147508
layered,16,sbc,gecode,minizinc,SAT,3,0.16651034355163574,0.000110478
layered,16,sbc,chuffed,minizinc,SAT,1,0.16091132164001465,0.0
layered,16,sbc,chuffed,minizinc,SAT,2,0.1589350700378418,0.0
layered,16,sbc,chuffed,minizinc,SAT,3,0.16621875762939453,0.0
layered,16,sbc,z3,smt,SAT,1,0.02292346954345703,
layered,16,sbc,z3,smt,SAT,2,0.02287769317626953,
layered,16,sbc,z3,smt,SAT,3,0.018663883209228516,
layered,16,sbc,cvc5,smt,SAT,1,0.01043558120727539,
layered,16,sbc,cvc5,smt,SAT,2,0.008769512176513672,
layered,16,sbc,cvc5,smt,SAT,3,0.012667417526245117,
layered,16,sbc_half,gecode,minizinc,SAT,1,0.1698133945465088,9.0851e-05
layered,16,sbc_half,gecode,minizinc,SAT,2,0.16887426376342773,0.000107432
layered,16,sbc_half,gecode,minizinc,SAT,3,0.17734241485595703,9.1673e-05
layered,16,sbc_half,chuffed,minizinc,SAT,1,0.1581578254699707,0.0
layered,16,sbc_half,chuffed,minizinc,SAT,2,0.18770360946655273,0.0
layered,16,sbc_half,chuffed,minizinc,SAT,3,0.1700131893157959,0.0
layered,16,sbc_half,z3,smt,SAT,1,0.013751983642578125,
layered,16,sbc_half,z3,smt,SAT,2,0.013496160507202148,
layered,16,sbc_half,z3,smt,SAT,3,0.016111135482788086,
layered,16,sbc_half,cvc5,smt,SAT,1,0.00901651382446289,
layered,16,sbc_half,cvc5,smt,SAT,2,0.010258913040161133,
layered,16,sbc_half,cvc5,smt,SAT,3,0.008522272109985352,
layered,32,base,gecode,minizinc,SAT,1,0.16697359085083008,0.000157497
layered,32,base,gecode,minizinc,SAT,2,0.18229079246520996,0.000129714
layered,32,base,gecode,minizinc,SAT,3,0.1673741340637207,0.000145103
layered,32,base,chuffed,minizinc,SAT,1,0.15996503829956055,0.0
layered,32,base,chuffed,minizinc,SAT,2,0.16265082359313965,0.0
layered,32,base,chuffed,minizinc,SAT,3,0.17527103424072266,0.0
layered,32,base,z3,smt,SAT,1,0.02258896827697754,
layered,32,base,z3,smt,SAT,2,0.021041393280029297,
layered,32,base,z3,smt,SAT,3,0.019583702087402344,
layered,32,base,cvc5,smt,SAT,1,0.01339578628540039,
layered,32,base,cvc5,smt,SAT,2,0.013704538345336914,
layered,32,base,cvc5,smt,SAT,3,0.016353845596313477,
layered,32,sbc,gecode,minizinc,SAT,1,0.17124533653259277,0.000175661
layered,32,sbc,gecode,minizinc,SAT,2,0.1696922779083252,0.000172665
layered,32,sbc,gecode,minizinc,SAT,3,0.1627664566040039,0.000160572
layered,32,sbc,chuffed,minizinc,SAT,1,0.16556739807128906,0.0
layered,32,sbc,chuffed,minizinc,SAT,2,0.15590691566467285,0.0
layered,32,sbc,chuffed,minizinc,SAT,3,0.19039654731750488,0.0
layered,32,sbc,z3,smt,SAT,1,0.021824121475219727,
layered,32,sbc,z3,smt,SAT,2,0.018909215927124023,
layered,32,sbc,z3,smt,SAT,3,0.024160385131835938,
layered,32,sbc,cvc5,smt,SAT,1,0.015312910079956055,
layered,32,sbc,cvc5,smt,SAT,2,0.013125896453857422,
layered,32,sbc,cvc5,smt,SAT,3,0.016828298568725586,
layered,32,sbc_half,gecode,minizinc,SAT,1,0.17605900764465332,0.000100288
layered,32,sbc_half,gecode,minizinc,SAT,2,0.18523454666137695,0.000112411
layered,32,sbc_half,gecode,minizinc,SAT,3,0.17547893524169922,0.000117061
layered,32,sbc_half,chuffed,minizinc,SAT,1,0.1694190502166748,0.0
layered,32,sbc_half,chuffed,minizinc,SAT,2,0.15703535079956055,0.0
layered,32,sbc_half,chuffed,minizinc,SAT,3,0.15843868255615234,0.0
layered,32,sbc_half,z3,smt,SAT,1,0.01846146583557129,
layered,32,sbc_half,z3,smt,SAT,2,0.01645350456237793,
layered,32,sbc_half,z3,smt,SAT,3,0.015469074249267578,
layered,32,sbc_half,cvc5,smt,SAT,1,0.01068735122680664,
layered,32,sbc_half,cvc5,smt,SAT,2,0.01043248176574707,
layered,32,sbc_half,cvc5,smt,SAT,3,0.01081085205078125,
layered,64,base,gecode,minizinc,SAT,1,0.21320009231567383,0.000453244
layered,64,base,gecode,minizinc,SAT,2,0.17392826080322266,0.000305656
layered,64,base,gecode,minizinc,SAT,3,0.1838216781616211,0.00047825
layered,64,base,chuffed,minizinc,SAT,1,0.16660237312316895,0.001
layered,64,base,chuffed,minizinc,SAT,2,0.1664729118347168,0.0
layered,64,base,chuffed,minizinc,SAT,3,0.17853713035583496,0.0
layered,64,base,z3,smt,SAT,1,0.023105382919311523,
layered,64,base,z3,smt,SAT,2,0.022530555725097656,
layered,64,base,z3,smt,SAT,3,0.022557497024536133,
layered,64,base,cvc5,smt,SAT,1,0.022151708602905273,
layered,64,base,cvc5,smt,SAT,2,0.023824453353881836,
layered,64,base,cvc5,smt,SAT,3,0.02113175392150879,
layered,64,sbc,gecode,minizinc,SAT,1,0.17667818069458008,0.000293813
layered,64,sbc,gecode,minizinc,SAT,2,0.18358278274536133,0.000271822
layered,64,sbc,gecode,minizinc,SAT,3,0.17594170570373535,0.000282031
layered,64,sbc,chuffed,minizinc,SAT,1,0.17275047302246094,0.0
layered,64,sbc,chuffed,minizinc,SAT,2,0.1533970832824707,0.0
layered,64,sbc,chuffed,minizinc,SAT,3,0.1777646541595459,0.0
layered,64,sbc,z3,smt,SAT,1,0.02077794075012207,
layered,64,sbc,z3,smt,SAT,2,0.022150278091430664,
layered,64,sbc,z3,smt,SAT,3,0.024935245513916016,
layered,64,sbc,cvc5,smt,SAT,1,0.022440433502197266,
layered,64,sbc,cvc5,smt,SAT,2,0.01914668083190918,
layered,64,sbc,cvc5,smt,SAT,3,0.028136730194091797,
layered,64,sbc_half,gecode,minizinc,SAT,1,0.1753842830657959,0.000175902
layered,64,sbc_half,gecode,minizinc,SAT,2,0.17601442337036133,0.000375397
layered,64,sbc_half,gecode,minizinc,SAT,3,0.17169666290283203,0.000236455
layered,64,sbc_half,chuffed,minizinc,SAT,1,0.1661207675933838,0.0
layered,64,sbc_half,chuffed,minizinc,SAT,2,0.16434788703918457,0.0
layered,64,sbc_half,chuffed,minizinc,SAT,3,0.17759394645690918,0.0
layered,64,sbc_half,z3,smt,SAT,1,0.019253969192504883,
layered,64,sbc_half,z3,smt,SAT,2,0.018178939819335938,
layered,64,sbc_half,z3,smt,SAT,3,0.017170429229736328,
layered,64,sbc_half,cvc5,smt,SAT,1,0.016474246978759766,
layered,64,sbc_half,cvc5,smt,SAT,2,0.016378402709960938,
layered,64,sbc_half,cvc5,smt,SAT,3,0.017093420028686523,
layered,128,base,gecode,minizinc,SAT,1,0.17923402786254883,0.00105404
layered,128,base,gecode,minizinc,SAT,2,0.17568635940551758,0.000580343
layered,128,base,gecode,minizinc,SAT,3,0.17734622955322266,0.000559915
layered,128,base,chuffed,minizinc,SAT,1,0.1748046875,0.0
layered,128,base,chuffed,minizinc,SAT,2,0.17605805397033691,0.0
layered,128,base,chuffed,minizinc,SAT,3,0.1733415126800537,0.0
layered,128,base,z3,smt,SAT,1,0.02711772918701172,
layered,128,base,z3,smt,SAT,2,0.022281408309936523,
layered,128,base,z3,smt,SAT,3,0.025621652603149414,
layered,128,base,cvc5,smt,SAT,1,0.03760266304016113,
layered,128,base,cvc5,smt,SAT,2,0.04220747947692871,
layered,128,base,cvc5,smt,SAT,3,0.03526759147644043,
layered,128,sbc,gecode,minizinc,SAT,1,0.16919183731079102,0.000625588
layered,128,sbc,gecode,minizinc,SAT,2,0.18467497825622559,0.000577277
layered,128,sbc,gecode,minizinc,SAT,3,0.19175171852111816,0.000811748
layered,128,sbc,chuffed,minizinc,SAT,1,0.18071269989013672,0.0
layered,128,sbc,chuffed,minizinc,SAT,2,0.16198372840881348,0.001
layered,128,sbc,chuffed,minizinc,SAT,3,0.17695331573486328,0.0
layered,128,sbc,z3,smt,SAT,1,0.027300119400024414,
layered,128,sbc,z3,smt,SAT,2,0.025157451629638672,
layered,128,sbc,z3,smt,SAT,3,0.026816129684448242,
layered,128,sbc,cvc5,smt,SAT,1,0.06806588172912598,
layered,128,sbc,cvc5,smt,SAT,2,0.05484199523925781,
layered,128,sbc,cvc5,smt,SAT,3,0.033762454986572266,
layered,128,sbc_half,gecode,minizinc,SAT,1,0.17064833641052246,0.000291379
layered,128,sbc_half,gecode,minizinc,SAT,2,0.17096900939941406,0.000398009
layered,128,sbc_half,gecode,minizinc,SAT,3,0.1703348159790039,0.000293453
layered,128,sbc_half,chuffed,minizinc,SAT,1,0.1720743179321289,0.0
layered,128,sbc_half,chuffed,minizinc,SAT,2,0.16248607635498047,0.0
layered,128,sbc_half,chuffed,minizinc,SAT,3,0.17214465141296387,0.0
layered,128,sbc_half,z3,smt,SAT,1,0.016732215881347656,
layered,128,sbc_half,z3,smt,SAT,2,0.016736984252929688,
layered,128,sbc_half,z3,smt,SAT,3,0.015822172164916992,
layered,128,sbc_half,cvc5,smt,SAT,1,0.026404619216918945,
layered,128,sbc_half,cvc5,smt,SAT,2,0.02587294578552246,
layered,128,sbc_half,cvc5,smt,SAT,3,0.024234294891357422,
layered,256,base,gecode,minizinc,SAT,1,0.1754615306854248,0.00422052
layered,256,base,gecode,minizinc,SAT,2,0.19443321228027344,0.00214996
layered,256,base,gecode,minizinc,SAT,3,0.20338797569274902,0.00333948
layered,256,base,chuffed,minizinc,UNKNOWN,1,1.2415752410888672,
layered,256,base,chuffed,minizinc,UNKNOWN,2,1.2479281425476074,
layered,256,base,chuffed,minizinc,UNKNOWN,3,1.2755334377288818,
layered,256,base,z3,smt,SAT,1,0.036400794982910156,
layered,256,base,z3,smt,SAT,2,0.02904796600341797,
layered,256,base,z3,smt,SAT,3,0.03232979774475098,
layered,256,base,cvc5,smt,SAT,1,0.07970285415649414,
layered,256,base,cvc5,smt,SAT,2,0.0860600471496582,
layered,256,base,cvc5,smt,SAT,3,0.08817410469055176,
layered,256,sbc,gecode,minizinc,SAT,1,0.2016754150390625,0.00207133
layered,256,sbc,gecode,minizinc,SAT,2,0.1936171054840088,0.00262517
layered,256,sbc,gecode,minizinc,SAT,3,0.19006586074829102,0.00232461
layered,256,sbc,chuffed,minizinc,UNKNOWN,1,1.240079402923584,
layered,256,sbc,chuffed,minizinc,UNKNOWN,2,1.2455775737762451,
layered,256,sbc,chuffed,minizinc,UNKNOWN,3,1.2078759670257568,
layered,256,sbc,z3,smt,SAT,1,0.027608871459960938,
layered,256,sbc,z3,smt,SAT,2,0.03459978103637695,
layered,256,sbc,z3,smt,SAT,3,0.03008413314819336,
layered,256,sbc,cvc5,smt,SAT,1,0.08688640594482422,
layered,256,sbc,cvc5,smt,SAT,2,0.10407042503356934,
layered,256,sbc,cvc5,smt,SAT,3,0.07957673072814941,
layered,256,sbc_half,gecode,minizinc,SAT,1,0.18717074394226074,0.000640075
layered,256,sbc_half,gecode,minizinc,SAT,2,0.19315409660339355,0.000600551
layered,256,sbc_half,gecode,minizinc,SAT,3,0.18258428573608398,0.00118688
layered,256,sbc_half,chuffed,minizinc,SAT,1,0.16968512535095215,0.0
layered,256,sbc_half,chuffed,minizinc,SAT,2,0.17115354537963867,0.0
layered,256,sbc_half,chuffed,minizinc,SAT,3,0.170989990234375,0.0
layered,256,sbc_half,z3,smt,SAT,1,0.022205114364624023,
layered,256,sbc_half,z3,smt,SAT,2,0.020030975341796875,
layered,256,sbc_half,z3,smt,SAT,3,0.022630929946899414,
layered,256,sbc_half,cvc5,smt,SAT,1,0.04984259605407715,
layered,256,sbc_half,cvc5,smt,SAT,2,0.04216575622558594,
layered,256,sbc_half,cvc5,smt,SAT,3,0.039304494857788086,
layered,512,base,gecode,minizinc,SAT,1,0.21373534202575684,0.00635336
layered,512,base,gecode,minizinc,SAT,2,0.20168662071228027,0.0069956
layered,512,base,gecode,minizinc,SAT,3,0.2078840732574463,0.00607404
layered,512,base,chuffed,minizinc,SAT,1,0.20972990989685059,0.0
layered,512,base,chuffed,minizinc,SAT,2,0.19876885414123535,0.0
layered,512,base,chuffed,minizinc,SAT,3,0.19297051429748535,0.001
layered,512,base,z3,smt,SAT,1,0.03753471374511719,
layered,512,base,z3,smt,SAT,2,0.044655799865722656,
layered,512,base,z3,smt,SAT,3,0.043541669845581055,
layered,512,base,cvc5,smt,SAT,1,0.18092703819274902,
layered,512,base,cvc5,smt,SAT,2,0.17638707160949707,
layered,512,base,cvc5,smt,SAT,3,0.18800973892211914,
layered,512,sbc,gecode,minizinc,SAT,1,0.2086946964263916,0.00642657
layered,512,sbc,gecode,minizinc,SAT,2,0.21186089515686035,0.00633655
layered,512,sbc,gecode,minizinc,SAT,3,0.21729087829589844,0.00639945
layered,512,sbc,chuffed,minizinc,SAT,1,0.1975243091583252,0.0
layered,512,sbc,chuffed,minizinc,SAT,2,0.194580078125,0.0
layered,512,sbc,chuffed,minizinc,SAT,3,0.19025707244873047,0.001
layered,512,sbc,z3,smt,SAT,1,0.04273629188537598,
layered,512,sbc,z3,smt,SAT,2,0.047127485275268555,
layered,512,sbc,z3,smt,SAT,3,0.044648170471191406,
layered,512,sbc,cvc5,smt,SAT,1,0.17944550514221191,
layered,512,sbc,cvc5,smt,SAT,2,0.1750023365020752,
layered,512,sbc,cvc5,smt,SAT,3,0.1839146614074707,
layered,512,sbc_half,gecode,minizinc,SAT,1,0.19294500350952148,0.00249825
layered,512,sbc_half,gecode,minizinc,SAT,2,0.20691919326782227,0.00177729
layered,512,sbc_half,gecode,minizinc,SAT,3,0.1990976333618164,0.0024843
layered,512,sbc_half,chuffed,minizinc,SAT,1,0.2019796371459961,0.001
layered,512,sbc_half,chuffed,minizinc,SAT,2,0.18867778778076172,0.0
layered,512,sbc_half,chuffed,minizinc,SAT,3,0.19597411155700684,0.0
layered,512,sbc_half,z3,smt,SAT,1,0.03572392463684082,
layered,512,sbc_half,z3,smt,SAT,2,0.03196883201599121,
layered,512,sbc_half,z3,smt,SAT,3,0.033141374588012695,
layered,512,sbc_half,cvc5,smt,SAT,1,0.11305403709411621,
layered,512,sbc_half,cvc5,smt,SAT,2,0.10940241813659668,
layered,512,sbc_half,cvc5,smt,SAT,3,0.10805583000183105,
layered,1024,base,gecode,minizinc,SAT,1,0.2523369789123535,0.027187
layered,1024,base,gecode,minizinc,SAT,2,0.2381441593170166,0.0248711
layered,1024,base,gecode,minizinc,SAT,3,0.26108884811401367,0.0224427
layered,1024,base,chuffed,minizinc,SAT,1,0.22246623039245605,0.001
layered,1024,base,chuffed,minizinc,SAT,2,0.22343134880065918,0.001
layered,1024,base,chuffed,minizinc,SAT,3,0.24441266059875488,0.002
layered,1024,base,z3,smt,SAT,1,0.06661653518676758,
layered,1024,base,z3,smt,SAT,2,0.061467647552490234,
layered,1024,base,z3,smt,SAT,3,0.06682157516479492,
layered,1024,base,cvc5,smt,SAT,1,0.6001706123352051,
layered,1024,base,cvc5,smt,SAT,2,0.4823338985443115,
layered,1024,base,cvc5,smt,SAT,3,0.4429335594177246,
layered,1024,sbc,gecode,minizinc,SAT,1,0.26267218589782715,0.0262253
layered,1024,sbc,gecode,minizinc,SAT,2,0.2623300552368164,0.0272542
layered,1024,sbc,gecode,minizinc,SAT,3,0.24864888191223145,0.0299819
layered,1024,sbc,chuffed,minizinc,SAT,1,0.23502516746520996,0.002
layered,1024,sbc,chuffed,minizinc,SAT,2,0.23502326011657715,0.001
layered,1024,sbc,chuffed,minizinc,SAT,3,0.24017047882080078,0.002
layered,1024,sbc,z3,smt,SAT,1,0.07967329025268555,
layered,1024,sbc,z3,smt,SAT,2,0.07022738456726074,
layered,1024,sbc,z3,smt,SAT,3,0.062391042709350586,
layered,1024,sbc,cvc5,smt,SAT,1,0.45525169372558594,
layered,1024,sbc,cvc5,smt,SAT,2,0.4590442180633545,
layered,1024,sbc,cvc5,smt,SAT,3,0.4666602611541748,
layered,1024,sbc_half,gecode,minizinc,SAT,1,0.21999454498291016,0.00637578
layered,1024,sbc_half,gecode,minizinc,SAT,2,0.2259354591369629,0.00639711
layered,1024,sbc_half,gecode,minizinc,SAT,3,0.242600679397583,0.00631692
layered,1024,sbc_half,chuffed,minizinc,SAT,1,0.2183992862701416,0.002
layered,1024,sbc_half,chuffed,minizinc,SAT,2,0.22454285621643066,0.0
layered,1024,sbc_half,chuffed,minizinc,SAT,3,0.20333242416381836,0.001
layered,1024,sbc_half,z3,smt,SAT,1,0.05218648910522461,
layered,1024,sbc_half,z3,smt,SAT,2,0.050435543060302734,
layered,1024,sbc_half,z3,smt,SAT,3,0.04941058158874512,
layered,1024,sbc_half,cvc5,smt,SAT,1,0.22681498527526855,
layered,1024,sbc_half,cvc5,smt,SAT,2,0.22858214378356934,
layered,1024,sbc_half,cvc5,smt,SAT,3,0.21891307830810547,
layered,2048,base,gecode,minizinc,SAT,1,0.4175527095794678,0.0964234
layered,2048,base,gecode,minizinc,SAT,2,0.4194309711456299,0.109496
layered,2048,base,gecode,minizinc,SAT,3,0.4292151927947998,0.122892
layered,2048,base,chuffed,minizinc,SAT,1,0.3176753520965576,0.002
layered,2048,base,chuffed,minizinc,SAT,2,0.3161804676055908,0.003
layered,2048,base,chuffed,minizinc,SAT,3,0.30124711990356445,0.005
layered,2048,base,z3,smt,SAT,1,0.10018181800842285,
layered,2048,base,z3,smt,SAT,2,0.11300778388977051,
layered,2048,base,z3,smt,SAT,3,0.10710978507995605,
layered,2048,base,cvc5,smt,SAT,1,1.1374938488006592,
layered,2048,base,cvc5,smt,SAT,2,1.0982954502105713,
layered,2048,base,cvc5,smt,SAT,3,1.111227035522461,
layered,2048,sbc,gecode,minizinc,SAT,1,0.4227440357208252,0.109359
layered,2048,sbc,gecode,minizinc,SAT,2,0.4184751510620117,0.0987183
layered,2048,sbc,gecode,minizinc,SAT,3,0.4380049705505371,0.104037
layered,2048,sbc,chuffed,minizinc,SAT,1,0.3555431365966797,0.004
layered,2048,sbc,chuffed,minizinc,SAT,2,0.3161895275115967,0.002
layered,2048,sbc,chuffed,minizinc,SAT,3,0.29804205894470215,0.002
layered,2048,sbc,z3,smt,SAT,1,0.11176204681396484,
layered,2048,sbc,z3,smt,SAT,2,0.10743522644042969,
layered,2048,sbc,z3,smt,SAT,3,0.11198687553405762,
layered,2048,sbc,cvc5,smt,SAT,1,1.1211047172546387,
layered,2048,sbc,cvc5,smt,SAT,2,1.1283767223358154,
layered,2048,sbc,cvc5,smt,SAT,3,1.1370484828948975,
layered,2048,sbc_half,gecode,minizinc,SAT,1,0.37963366508483887,0.0279049
layered,2048,sbc_half,gecode,minizinc,SAT,2,0.3153667449951172,0.0248762
layered,2048,sbc_half,gecode,minizinc,SAT,3,0.3025553226470947,0.0240785
layered,2048,sbc_half,chuffed,minizinc,SAT,1,0.29404258728027344,0.001
layered,2048,sbc_half,chuffed,minizinc,SAT,2,0.27006030082702637,0.001
layered,2048,sbc_half,chuffed,minizinc,SAT,3,0.28828978538513184,0.001
layered,2048,sbc_half,z3,smt,SAT,1,0.08649086952209473,
layered,2048,sbc_half,z3,smt,SAT,2,0.09065794944763184,
layered,2048,sbc_half,z3,smt,SAT,3,0.08811259269714355,
layered,2048,sbc_half,cvc5,smt,SAT,1,0.5732812881469727,
layered,2048,sbc_half,cvc5,smt,SAT,2,0.5391240119934082,
layered,2048,sbc_half,cvc5,smt,SAT,3,0.5655922889709473,
majority,3,base,gecode,minizinc,SAT,1,0.15288662910461426,0.000131608
majority,3,base,gecode,minizinc,SAT,2,0.17761635780334473,8.8386e-05
majority,3,base,gecode,minizinc,SAT,3,0.18346428871154785,0.0001013
majority,3,base,chuffed,minizinc,SAT,1,0.1681373119354248,0.0
majority,3,base,chuffed,minizinc,SAT,2,0.16691899299621582,0.0
majority,3,base,chuffed,minizinc,SAT,3,0.15336346626281738,0.0
majority,3,base,z3,smt,SAT,1,0.01890110969543457,
majority,3,base,z3,smt,SAT,2,0.02393794059753418,
majority,3,base,z3,smt,SAT,3,0.019960880279541016,
majority,3,base,cvc5,smt,SAT,1,0.007306098937988281,
majority,3,base,cvc5,smt,SAT,2,0.00795888900756836,
majority,3,base,cvc5,smt,SAT,3,0.007128477096557617,
majority,3,sbc,gecode,minizinc,SAT,1,0.16707682609558105,0.000110037
majority,3,sbc,gecode,minizinc,SAT,2,0.1595463752746582,0.000102603
majority,3,sbc,gecode,minizinc,SAT,3,0.16498661041259766,8.8918e-05
majority,3,sbc,chuffed,minizinc,SAT,1,0.1713542938232422,0.0
majority,3,sbc,chuffed,minizinc,SAT,2,0.16672277450561523,0.0
majority,3,sbc,chuffed,minizinc,SAT,3,0.14888954162597656,0.0
majority,3,sbc,z3,smt,SAT,1,0.02189469337463379,
majority,3,sbc,z3,smt,SAT,2,0.026029109954833984,
majority,3,sbc,z3,smt,SAT,3,0.0198514461517334,
majority,3,sbc,cvc5,smt,SAT,1,0.006311655044555664,
majority,3,sbc,cvc5,smt,SAT,2,0.007318019866943359,
majority,3,sbc,cvc5,smt,SAT,3,0.010100603103637695,
majority,3,sbc_half,gecode,minizinc,SAT,1,0.16787409782409668,0.000150263
majority,3,sbc_half,gecode,minizinc,SAT,2,0.16440796852111816,0.000102363
majority,3,sbc_half,gecode,minizinc,SAT,3,0.17202258110046387,8.3677e-05
majority,3,sbc_half,chuffed,minizinc,SAT,1,0.16891145706176758,0.0
majority,3,sbc_half,chuffed,minizinc,SAT,2,0.1644148826599121,0.0
majority,3,sbc_half,chuffed,minizinc,SAT,3,0.16095709800720215,0.0
majority,3,sbc_half,z3,smt,SAT,1,0.01693439483642578,
majority,3,sbc_half,z3,smt,SAT,2,0.016740798950195312,
majority,3,sbc_half,z3,smt,SAT,3,0.02184438705444336,
majority,3,sbc_half,cvc5,smt,SAT,1,0.008064746856689453,
majority,3,sbc_half,cvc5,smt,SAT,2,0.0073795318603515625,
majority,3,sbc_half,cvc5,smt,SAT,3,0.008534669876098633,
majority,5,base,gecode,minizinc,SAT,1,0.16006040573120117,8.508e-05
majority,5,base,gecode,minizinc,SAT,2,0.17044568061828613,9.9077e-05
majority,5,base,gecode,minizinc,SAT,3,0.17301011085510254,8.1754e-05
majority,5,base,chuffed,minizinc,SAT,1,0.15735888481140137,0.0
majority,5,base,chuffed,minizinc,SAT,2,0.16831278800964355,0.0
majority,5,base,chuffed,minizinc,SAT,3,0.17464470863342285,0.0
majority,5,base,z3,smt,SAT,1,0.02193737030029297,
majority,5,base,z3,smt,SAT,2,0.023973464965820312,
majority,5,base,z3,smt,SAT,3,0.020221710205078125,
majority,5,base,cvc5,smt,SAT,1,0.008121490478515625,
majority,5,base,cvc5,smt,SAT,2,0.006911277770996094,
majority,5,base,cvc5,smt,SAT,3,0.006926059722900391,
majority,5,sbc,gecode,minizinc,SAT,1,0.16095638275146484,8.8426e-05
majority,5,sbc,gecode,minizinc,SAT,2,0.16121387481689453,7.8237e-05
majority,5,sbc,gecode,minizinc,SAT,3,0.16034483909606934,7.3899e-05
majority,5,sbc,chuffed,minizinc,SAT,1,0.18022394180297852,0.0
majority,5,sbc,chuffed,minizinc,SAT,2,0.15839242935180664,0.0
majority,5,sbc,chuffed,minizinc,SAT,3,0.15122485160827637,0.0
majority,5,sbc,z3,smt,SAT,1,0.01865696907043457,
majority,5,sbc,z3,smt,SAT,2,0.019382953643798828,
majority,5,sbc,z3,smt,SAT,3,0.020859479904174805,
majority,5,sbc,cvc5,smt,SAT,1,0.008602619171142578,
majority,5,sbc,cvc5,smt,SAT,2,0.006838798522949219,
majority,5,sbc,cvc5,smt,SAT,3,0.007114887237548828,
majority,5,sbc_half,gecode,minizinc,SAT,1,0.1790313720703125,8.525e-05
majority,5,sbc_half,gecode,minizinc,SAT,2,0.16394877433776855,7.1314e-05
majority,5,sbc_half,gecode,minizinc,SAT,3,0.17117595672607422,9.2664e-05
majority,5,sbc_half,chuffed,minizinc,SAT,1,0.17097902297973633,0.0
majority,5,sbc_half,chuffed,minizinc,SAT,2,0.16110658645629883,0.0
majority,5,sbc_half,chuffed,minizinc,SAT,3,0.16899800300598145,0.0
majority,5,sbc_half,z3,smt,SAT,1,0.01795649528503418,
majority,5,sbc_half,z3,smt,SAT,2,0.014216184616088867,
majority,5,sbc_half,z3,smt,SAT,3,0.016394615173339844,
majority,5,sbc_half,cvc5,smt,SAT,1,0.008547782897949219,
majority,5,sbc_half,cvc5,smt,SAT,2,0.0069732666015625,
majority,5,sbc_half,cvc5,smt,SAT,3,0.007084846496582031,
majority,7,base,gecode,minizinc,SAT,1,0.17864561080932617,0.000108415
majority,7,base,gecode,minizinc,SAT,2,0.16594696044921875,0.000228851
majority,7,base,gecode,minizinc,SAT,3,0.17252373695373535,8.0321e-05
majority,7,base,chuffed,minizinc,SAT,1,0.17517638206481934,0.0
majority,7,base,chuffed,minizinc,SAT,2,0.1656944751739502,0.0
majority,7,base,chuffed,minizinc,SAT,3,0.1468362808227539,0.0
majority,7,base,z3,smt,SAT,1,0.023407459259033203,
majority,7,base,z3,smt,SAT,2,0.02485036849975586,
majority,7,base,z3,smt,SAT,3,0.019947290420532227,
majority,7,base,cvc5,smt,SAT,1,0.007048130035400391,
majority,7,base,cvc5,smt,SAT,2,0.0077092647552490234,
majority,7,base,cvc5,smt,SAT,3,0.009747982025146484,
majority,7,sbc,gecode,minizinc,SAT,1,0.1740889549255371,0.000168978
majority,7,sbc,gecode,minizinc,SAT,2,0.18585848808288574,9.2344e-05
majority,7,sbc,gecode,minizinc,SAT,3,0.1833641529083252,9.9226e-05
majority,7,sbc,chuffed,minizinc,SAT,1,0.1786024570465088,0.0
majority,7,sbc,chuffed,minizinc,SAT,2,0.18246030807495117,0.0
majority,7,sbc,chuffed,minizinc,SAT,3,0.17693781852722168,0.0
majority,7,sbc,z3,smt,SAT,1,0.01970648765563965,
majority,7,sbc,z3,smt,SAT,2,0.020674705505371094,
majority,7,sbc,z3,smt,SAT,3,0.021251916885375977,
majority,7,sbc,cvc5,smt,SAT,1,0.00805354118347168,
majority,7,sbc,cvc5,smt,SAT,2,0.009060144424438477,
majority,7,sbc,cvc5,smt,SAT,3,0.007768869400024414,
majority,7,sbc_half,gecode,minizinc,SAT,1,0.2258620262145996,0.000112913
majority,7,sbc_half,gecode,minizinc,SAT,2,0.23825931549072266,0.000115237
majority,7,sbc_half,gecode,minizinc,SAT,3,0.1885542869567871,0.000109786
majority,7,sbc_half,chuffed,minizinc,SAT,1,0.2157437801361084,0.0
majority,7,sbc_half,chuffed,minizinc,SAT,2,0.17768406867980957,0.0
majority,7,sbc_half,chuffed,minizinc,SAT,3,0.15855121612548828,0.0
majority,7,sbc_half,z3,smt,SAT,1,0.015958309173583984,
majority,7,sbc_half,z3,smt,SAT,2,0.01422572135925293,
majority,7,sbc_half,z3,smt,SAT,3,0.014687538146972656,
majority,7,sbc_half,cvc5,smt,SAT,1,0.008440256118774414,
majority,7,sbc_half,cvc5,smt,SAT,2,0.0070667266845703125,
majority,7,sbc_half,cvc5,smt,SAT,3,0.0070803165435791016,
majority,9,base,gecode,minizinc,SAT,1,0.17592477798461914,0.000114055
majority,9,base,gecode,minizinc,SAT,2,0.170884370803833,9.8325e-05
majority,9,base,gecode,minizinc,SAT,3,0.16211318969726562,0.000102844
majority,9,base,chuffed,minizinc,SAT,1,0.16915488243103027,0.0
majority,9,base,chuffed,minizinc,SAT,2,0.18107986450195312,0.0
majority,9,base,chuffed,minizinc,SAT,3,0.1659855842590332,0.0
majority,9,base,z3,smt,SAT,1,0.022066831588745117,
majority,9,base,z3,smt,SAT,2,0.024018526077270508,
majority,9,base,z3,smt,SAT,3,0.019824743270874023,
majority,9,base,cvc5,smt,SAT,1,0.008419513702392578,
majority,9,base,cvc5,smt,SAT,2,0.00802159309387207,
majority,9,base,cvc5,smt,SAT,3,0.010593891143798828,
majority,9,sbc,gecode,minizinc,SAT,1,0.17338895797729492,0.00010105
majority,9,sbc,gecode,minizinc,SAT,2,0.17215418815612793,0.000107363
majority,9,sbc,gecode,minizinc,SAT,3,0.1907656192779541,0.000105679
majority,9,sbc,chuffed,minizinc,SAT,1,0.1566004753112793,0.0
majority,9,sbc,chuffed,minizinc,SAT,2,0.16576862335205078,0.0
majority,9,sbc,chuffed,minizinc,SAT,3,0.1656017303466797,0.0
majority,9,sbc,z3,smt,SAT,1,0.01812267303466797,
majority,9,sbc,z3,smt,SAT,2,0.022703886032104492,
majority,9,sbc,z3,smt,SAT,3,0.01783132553100586,
majority,9,sbc,cvc5,smt,SAT,1,0.00762939453125,
majority,9,sbc,cvc5,smt,SAT,2,0.006959676742553711,
majority,9,sbc,cvc5,smt,SAT,3,0.011662960052490234,
majority,9,sbc_half,gecode,minizinc,SAT,1,0.1790027618408203,0.000128673
majority,9,sbc_half,gecode,minizinc,SAT,2,0.16215777397155762,7.1775e-05
majority,9,sbc_half,gecode,minizinc,SAT,3,0.16350555419921875,8.7425e-05
majority,9,sbc_half,chuffed,minizinc,SAT,1,0.1759650707244873,0.0
majority,9,sbc_half,chuffed,minizinc,SAT,2,0.17290234565734863,0.0
majority,9,sbc_half,chuffed,minizinc,SAT,3,0.17662906646728516,0.0
majority,9,sbc_half,z3,smt,SAT,1,0.013925552368164062,
majority,9,sbc_half,z3,smt,SAT,2,0.0190732479095459,
majority,9,sbc_half,z3,smt,SAT,3,0.014451742172241211,
majority,9,sbc_half,cvc5,smt,SAT,1,0.007979393005371094,
majority,9,sbc_half,cvc5,smt,SAT,2,0.006750822067260742,
majority,9,sbc_half,cvc5,smt,SAT,3,0.010565042495727539,
majority,11,base,gecode,minizinc,SAT,1,0.17168235778808594,0.000117812
majority,11,base,gecode,minizinc,SAT,2,0.1718277931213379,8.8797e-05
majority,11,base,gecode,minizinc,SAT,3,0.18139338493347168,0.000117201
majority,11,base,chuffed,minizinc,SAT,1,0.16132640838623047,0.0
majority,11,base,chuffed,minizinc,SAT,2,0.1672205924987793,0.0
majority,11,base,chuffed,minizinc,SAT,3,0.1781911849975586,0.0
majority,11,base,z3,smt,SAT,1,0.023782968521118164,
majority,11,base,z3,smt,SAT,2,0.02254939079284668,
majority,11,base,z3,smt,SAT,3,0.021842002868652344,
majority,11,base,cvc5,smt,SAT,1,0.008846521377563477,
majority,11,base,cvc5,smt,SAT,2,0.009054183959960938,
majority,11,base,cvc5,smt,SAT,3,0.007579326629638672,
majority,11,sbc,gecode,minizinc,SAT,1,0.1846935749053955,0.000112011
majority,11,sbc,gecode,minizinc,SAT,2,0.1655724048614502,0.000114385
majority,11,sbc,gecode,minizinc,SAT,3,0.1777641773223877,0.000107562
majority,11,sbc,chuffed,minizinc,SAT,1,0.17570018768310547,0.0
majority,11,sbc,chuffed,minizinc,SAT,2,0.17667245864868164,0.0
majority,11,sbc,chuffed,minizinc,SAT,3,0.17470026016235352,0.0
majority,11,sbc,z3,smt,SAT,1,0.019970417022705078,
majority,11,sbc,z3,smt,SAT,2,0.021407127380371094,
majority,11,sbc,z3,smt,SAT,3,0.020592451095581055,
majority,11,sbc,cvc5,smt,SAT,1,0.010405302047729492,
majority,11,sbc,cvc5,smt,SAT,2,0.008272647857666016,
majority,11,sbc,cvc5,smt,SAT,3,0.008414506912231445,
majority,11,sbc_half,gecode,minizinc,SAT,1,0.16228508949279785,7.7616e-05
majority,11,sbc_half,gecode,minizinc,SAT,2,0.1762681007385254,7.6524e-05
majority,11,sbc_half,gecode,minizinc,SAT,3,0.1606912612915039,9.3085e-05
majority,11,sbc_half,chuffed,minizinc,SAT,1,0.16661405563354492,0.0
majority,11,sbc_half,chuffed,minizinc,SAT,2,0.1546313762664795,0.0
majority,11,sbc_half,chuffed,minizinc,SAT,3,0.17313623428344727,0.0
majority,11,sbc_half,z3,smt,SAT,1,0.016043663024902344,
majority,11,sbc_half,z3,smt,SAT,2,0.014206171035766602,
majority,11,sbc_half,z3,smt,SAT,3,0.015899181365966797,
majority,11,sbc_half,cvc5,smt,SAT,1,0.007657527923583984,
majority,11,sbc_half,cvc5,smt,SAT,2,0.008896112442016602,
majority,11,sbc_half,cvc5,smt,SAT,3,0.008148431777954102,
majority,13,base,gecode,minizinc,SAT,1,0.18198561668395996,9.0571e-05
majority,13,base,gecode,minizinc,SAT,2,0.17302513122558594,9.05e-05
majority,13,base,gecode,minizinc,SAT,3,0.1577134132385254,0.000109145
majority,13,base,chuffed,minizinc,SAT,1,0.1680617332458496,0.0
majority,13,base,chuffed,minizinc,SAT,2,0.17019939422607422,0.0
majority,13,base,chuffed,minizinc,SAT,3,0.17917585372924805,0.0
majority,13,base,z3,smt,SAT,1,0.02304530143737793,
majority,13,base,z3,smt,SAT,2,0.02197885513305664,
majority,13,base,z3,smt,SAT,3,0.018549203872680664,
majority,13,base,cvc5,smt,SAT,1,0.010442495346069336,
majority,13,base,cvc5,smt,SAT,2,0.009335994720458984,
majority,13,base,cvc5,smt,SAT,3,0.00864410400390625,
majority,13,sbc,gecode,minizinc,SAT,1,0.17493629455566406,0.000100109
majority,13,sbc,gecode,minizinc,SAT,2,0.1803290843963623,0.000107052
majority,13,sbc,gecode,minizinc,SAT,3,0.1703474521636963,0.000123974
majority,13,sbc,chuffed,minizinc,SAT,1,0.16665434837341309,0.0
majority,13,sbc,chuffed,minizinc,SAT,2,0.1638655662536621,0.0
majority,13,sbc,chuffed,minizinc,SAT,3,0.16968059539794922,0.0
majority,13,sbc,z3,smt,SAT,1,0.021350383758544922,
majority,13,sbc,z3,smt,SAT,2,0.022526025772094727,
majority,13,sbc,z3,smt,SAT,3,0.022146940231323242,
majority,13,sbc,cvc5,smt,SAT,1,0.0085906982421875,
majority,13,sbc,cvc5,smt,SAT,2,0.008202552795410156,
majority,13,sbc,cvc5,smt,SAT,3,0.01095128059387207,
majority,13,sbc_half,gecode,minizinc,SAT,1,0.18721222877502441,0.000267534
majority,13,sbc_half,gecode,minizinc,SAT,2,0.16428041458129883,7.7446e-05
majority,13,sbc_half,gecode,minizinc,SAT,3,0.1698136329650879,7.9129e-05
majority,13,sbc_half,chuffed,minizinc,SAT,1,0.16897368431091309,0.0
majority,13,sbc_half,chuffed,minizinc,SAT,2,0.15871834754943848,0.0
majority,13,sbc_half,chuffed,minizinc,SAT,3,0.18767356872558594,0.0
majority,13,sbc_half,z3,smt,SAT,1,0.013811588287353516,
majority,13,sbc_half,z3,smt,SAT,2,0.015767335891723633,
majority,13,sbc_half,z3,smt,SAT,3,0.01785564422607422,
majority,13,sbc_half,cvc5,smt,SAT,1,0.0086822509765625,
majority,13,sbc_half,cvc5,smt,SAT,2,0.009773969650268555,
majority,13,sbc_half,cvc5,smt,SAT,3,0.008395910263061523,
majority,15,base,gecode,minizinc,SAT,1,0.164459228515625,0.000119886
majority,15,base,gecode,minizinc,SAT,2,0.16483354568481445,8.4639e-05
majority,15,base,gecode,minizinc,SAT,3,0.16813898086547852,8.6493e-05
majority,15,base,chuffed,minizinc,SAT,1,0.16562867164611816,0.0
majority,15,base,chuffed,minizinc,SAT,2,0.16982030868530273,0.0
majority,15,base,chuffed,minizinc,SAT,3,0.15562677383422852,0.0
majority,15,base,z3,smt,SAT,1,0.02211141586303711,
majority,15,base,z3,smt,SAT,2,0.02228569984436035,
majority,15,base,z3,smt,SAT,3,0.018935203552246094,
majority,15,base,cvc5,smt,SAT,1,0.011841058731079102,
majority,15,base,cvc5,smt,SAT,2,0.010767698287963867,
majority,15,base,cvc5,smt,SAT,3,0.011145591735839844,
majority,15,sbc,gecode,minizinc,SAT,1,0.15844297409057617,0.000118373
majority,15,sbc,gecode,minizinc,SAT,2,0.1574537754058838,0.000115818
majority,15,sbc,gecode,minizinc,SAT,3,0.1746377944946289,0.000135946
majority,15,sbc,chuffed,minizinc,SAT,1,0.1702892780303955,0.0
majority,15,sbc,chuffed,minizinc,SAT,2,0.17373275756835938,0.0
majority,15,sbc,chuffed,minizinc,SAT,3,0.17812728881835938,0.0
majority,15,sbc,z3,smt,SAT,1,0.023824691772460938,
majority,15,sbc,z3,smt,SAT,2,0.02613043785095215,
majority,15,sbc,z3,smt,SAT,3,0.021239519119262695,
majority,15,sbc,cvc5,smt,SAT,1,0.012440919876098633,
majority,15,sbc,cvc5,smt,SAT,2,0.009482622146606445,
majority,15,sbc,cvc5,smt,SAT,3,0.010857582092285156,
majority,15,sbc_half,gecode,minizinc,SAT,1,0.16035103797912598,9.7433e-05
majority,15,sbc_half,gecode,minizinc,SAT,2,0.21509575843811035,0.000149251
majority,15,sbc_half,gecode,minizinc,SAT,3,0.16567254066467285,7.7065e-05
majority,15,sbc_half,chuffed,minizinc,SAT,1,0.17026591300964355,0.0
majority,15,sbc_half,chuffed,minizinc,SAT,2,0.15186834335327148,0.0
majority,15,sbc_half,chuffed,minizinc,SAT,3,0.16431570053100586,0.0
majority,15,sbc_half,z3,smt,SAT,1,0.015053272247314453,
majority,15,sbc_half,z3,smt,SAT,2,0.01402902603149414,
majority,15,sbc_half,z3,smt,SAT,3,0.013766050338745117,
majority,15,sbc_half,cvc5,smt,SAT,1,0.00823068618774414,
majority,15,sbc_half,cvc5,smt,SAT,2,0.009433269500732422,
majority,15,sbc_half,cvc5,smt,SAT,3,0.008582353591918945,
majority,17,base,gecode,minizinc,SAT,1,0.17847561836242676,9.1152e-05
majority,17,base,gecode,minizinc,SAT,2,0.1801133155822754,0.000117691
majority,17,base,gecode,minizinc,SAT,3,0.1615302562713623,0.000121198
majority,17,base,chuffed,minizinc,SAT,1,0.1714310646057129,0.0
majority,17,base,chuffed,minizinc,SAT,2,0.16849350929260254,0.0
majority,17,base,chuffed,minizinc,SAT,3,0.1721947193145752,0.0
majority,17,base,z3,smt,SAT,1,0.021046876907348633,
majority,17,base,z3,smt,SAT,2,0.0196073055267334,
majority,17,base,z3,smt,SAT,3,0.02051091194152832,
majority,17,base,cvc5,smt,SAT,1,0.011838436126708984,
majority,17,base,cvc5,smt,SAT,2,0.013538599014282227,
majority,17,base,cvc5,smt,SAT,3,0.010621786117553711,
majority,17,sbc,gecode,minizinc,SAT,1,0.17518901824951172,0.000119535
majority,17,sbc,gecode,minizinc,SAT,2,0.1635904312133789,0.000135144
majority,17,sbc,gecode,minizinc,SAT,3,0.1791372299194336,0.000105348
majority,17,sbc,chuffed,minizinc,SAT,1,0.1719954013824463,0.0
majority,17,sbc,chuffed,minizinc,SAT,2,0.16545534133911133,0.0
majority,17,sbc,chuffed,minizinc,SAT,3,0.17339682579040527,0.0
majority,17,sbc,z3,smt,SAT,1,0.023473262786865234,
majority,17,sbc,z3,smt,SAT,2,0.020706892013549805,
majority,17,sbc,z3,smt,SAT,3,0.018548011779785156,
majority,17,sbc,cvc5,smt,SAT,1,0.012367725372314453,
majority,17,sbc,cvc5,smt,SAT,2,0.011208295822143555,
majority,17,sbc,cvc5,smt,SAT,3,0.011655330657958984,
majority,17,sbc_half,gecode,minizinc,SAT,1,0.17405295372009277,8.9428e-05
majority,17,sbc_half,gecode,minizinc,SAT,2,0.17911696434020996,9.3697e-05
majority,17,sbc_half,gecode,minizinc,SAT,3,0.1745128631591797,9.1612e-05
majority,17,sbc_half,chuffed,minizinc,SAT,1,0.17336654663085938,0.0
majority,17,sbc_half,chuffed,minizinc,SAT,2,0.1713886260986328,0.0
majority,17,sbc_half,chuffed,minizinc,SAT,3,0.17597675323486328,0.0
majority,17,sbc_half,z3,smt,SAT,1,0.0151824951171875,
majority,17,sbc_half,z3,smt,SAT,2,0.016704320907592773,
majority,17,sbc_half,z3,smt,SAT,3,0.015152931213378906,
majority,17,sbc_half,cvc5,smt,SAT,1,0.010548591613769531,
majority,17,sbc_half,cvc5,smt,SAT,2,0.009926795959472656,
majority,17,sbc_half,cvc5,smt,SAT,3,0.009225130081176758,
majority,19,base,gecode,minizinc,SAT,1,0.16664791107177734,0.000100359
majority,19,base,gecode,minizinc,SAT,2,0.1561429500579834,0.000110268
majority,19,base,gecode,minizinc,SAT,3,0.16739940643310547,9.4809e-05
majority,19,base,chuffed,minizinc,SAT,1,0.17275071144104004,0.0
majority,19,base,chuffed,minizinc,SAT,2,0.17799782752990723,0.0
majority,19,base,chuffed,minizinc,SAT,3,0.17288684844970703,0.0
majority,19,base,z3,smt,SAT,1,0.02187514305114746,
majority,19,base,z3,smt,SAT,2,0.020760536193847656,
majority,19,base,z3,smt,SAT,3,0.020708322525024414,
majority,19,base,cvc5,smt,SAT,1,0.013317584991455078,
majority,19,base,cvc5,smt,SAT,2,0.012369394302368164,
majority,19,base,cvc5,smt,SAT,3,0.011131048202514648,
majority,19,sbc,gecode,minizinc,SAT,1,0.16054248809814453,0.00011689
majority,19,sbc,gecode,minizinc,SAT,2,0.17029809951782227,0.000150604
majority,19,sbc,gecode,minizinc,SAT,3,0.17151093482971191,0.000130455
majority,19,sbc,chuffed,minizinc,SAT,1,0.17020535469055176,0.0
majority,19,sbc,chuffed,minizinc,SAT,2,0.1682889461517334,0.0
majority,19,sbc,chuffed,minizinc,SAT,3,0.17079472541809082,0.0
majority,19,sbc,z3,smt,SAT,1,0.021100759506225586,
majority,19,sbc,z3,smt,SAT,2,0.018954753875732422,
majority,19,sbc,z3,smt,SAT,3,0.02205348014831543,
majority,19,sbc,cvc5,smt,SAT,1,0.014195919036865234,
majority,19,sbc,cvc5,smt,SAT,2,0.01443624496459961,
majority,19,sbc,cvc5,smt,SAT,3,0.014074325561523438,
majority,19,sbc_half,gecode,minizinc,SAT,1,0.16991114616394043,9.4959e-05
majority,19,sbc_half,gecode,minizinc,SAT,2,0.16899561882019043,9.1382e-05
majority,19,sbc_half,gecode,minizinc,SAT,3,0.17399168014526367,8.4279e-05
majority,19,sbc_half,chuffed,minizinc,SAT,1,0.16330671310424805,0.0
majority,19,sbc_half,chuffed,minizinc,SAT,2,0.17594242095947266,0.0
majority,19,sbc_half,chuffed,minizinc,SAT,3,0.16122794151306152,0.0
majority,19,sbc_half,z3,smt,SAT,1,0.013668298721313477,
majority,19,sbc_half,z3,smt,SAT,2,0.014635801315307617,
majority,19,sbc_half,z3,smt,SAT,3,0.013334989547729492,
majority,19,sbc_half,cvc5,smt,SAT,1,0.01122426986694336,
majority,19,sbc_half,cvc5,smt,SAT,2,0.008573293685913086,
majority,19,sbc_half,cvc5,smt,SAT,3,0.009232282638549805,
majority,21,base,gecode,minizinc,SAT,1,0.1871623992919922,0.000157206
majority,21,base,gecode,minizinc,SAT,2,0.17066597938537598,0.00012189
majority,21,base,gecode,minizinc,SAT,3,0.17016029357910156,9.7122e-05
majority,21,base,chuffed,minizinc,SAT,1,0.1713552474975586,0.0
majority,21,base,chuffed,minizinc,SAT,2,0.15761446952819824,0.0
majority,21,base,chuffed,minizinc,SAT,3,0.21021533012390137,0.0
majority,21,base,z3,smt,SAT,1,0.02525782585144043,
majority,21,base,z3,smt,SAT,2,0.025588274002075195,
majority,21,base,z3,smt,SAT,3,0.020885944366455078,
majority,21,base,cvc5,smt,SAT,1,0.012528419494628906,
majority,21,base,cvc5,smt,SAT,2,0.014889001846313477,
majority,21,base,cvc5,smt,SAT,3,0.011238336563110352,
majority,21,sbc,gecode,minizinc,SAT,1,0.1883101463317871,0.00010647
majority,21,sbc,gecode,minizinc,SAT,2,0.17341828346252441,0.000112843
majority,21,sbc,gecode,minizinc,SAT,3,0.1639118194580078,0.000151846
majority,21,sbc,chuffed,minizinc,SAT,1,0.17358827590942383,0.0
majority,21,sbc,chuffed,minizinc,SAT,2,0.15977072715759277,0.0
majority,21,sbc,chuffed,minizinc,SAT,3,0.1709766387939453,0.0
majority,21,sbc,z3,smt,SAT,1,0.020798683166503906,
majority,21,sbc,z3,smt,SAT,2,0.022632360458374023,
majority,21,sbc,z3,smt,SAT,3,0.022522449493408203,
majority,21,sbc,cvc5,smt,SAT,1,0.012655258178710938,
majority,21,sbc,cvc5,smt,SAT,2,0.015357732772827148,
majority,21,sbc,cvc5,smt,SAT,3,0.012966156005859375,
majority,21,sbc_half,gecode,minizinc,SAT,1,0.16731476783752441,0.000136898
majority,21,sbc_half,gecode,minizinc,SAT,2,0.17182302474975586,0.00014856
majority,21,sbc_half,gecode,minizinc,SAT,3,0.16727662086486816,0.000101211
majority,21,sbc_half,chuffed,minizinc,SAT,1,0.17157626152038574,0.0
majority,21,sbc_half,chuffed,minizinc,SAT,2,0.16214799880981445,0.0
majority,21,sbc_half,chuffed,minizinc,SAT,3,0.16989874839782715,0.0
majority,21,sbc_half,z3,smt,SAT,1,0.015106201171875,
majority,21,sbc_half,z3,smt,SAT,2,0.013216972351074219,
majority,21,sbc_half,z3,smt,SAT,3,0.013724803924560547,
majority,21,sbc_half,cvc5,smt,SAT,1,0.01113128662109375,
majority,21,sbc_half,cvc5,smt,SAT,2,0.008212089538574219,
majority,21,sbc_half,cvc5,smt,SAT,3,0.009888887405395508,
majority,31,base,gecode,minizinc,SAT,1,0.1802973747253418,0.000130235
majority,31,base,gecode,minizinc,SAT,2,0.18901300430297852,0.000120046
majority,31,base,gecode,minizinc,SAT,3,0.17142653465270996,0.000128292
majority,31,base,chuffed,minizinc,SAT,1,0.1630570888519287,0.0
majority,31,base,chuffed,minizinc,SAT,2,0.1720895767211914,0.0
majority,31,base,chuffed,minizinc,SAT,3,0.17741823196411133,0.0
majority,31,base,z3,smt,SAT,1,0.01921534538269043,
majority,31,base,z3,smt,SAT,2,0.020212411880493164,
majority,31,base,z3,smt,SAT,3,0.02426004409790039,
majority,31,base,cvc5,smt,SAT,1,0.017954111099243164,
majority,31,base,cvc5,smt,SAT,2,0.021119356155395508,
majority,31,base,cvc5,smt,SAT,3,0.018035888671875,
majority,31,sbc,gecode,minizinc,SAT,1,0.18190956115722656,0.000153719
majority,31,sbc,gecode,minizinc,SAT,2,0.1749582290649414,0.000186391
majority,31,sbc,gecode,minizinc,SAT,3,0.17886972427368164,0.000321545
majority,31,sbc,chuffed,minizinc,SAT,1,0.1725788116455078,0.0
majority,31,sbc,chuffed,minizinc,SAT,2,0.17741990089416504,0.0
majority,31,sbc,chuffed,minizinc,SAT,3,0.1736607551574707,0.0
majority,31,sbc,z3,smt,SAT,1,0.018980741500854492,
majority,31,sbc,z3,smt,SAT,2,0.026345252990722656,
majority,31,sbc,z3,smt,SAT,3,0.024352550506591797,
majority,31,sbc,cvc5,smt,SAT,1,0.02244853973388672,
majority,31,sbc,cvc5,smt,SAT,2,0.0203859806060791,
majority,31,sbc,cvc5,smt,SAT,3,0.015983104705810547,
majority,31,sbc_half,gecode,minizinc,SAT,1,0.1731424331665039,0.00011119
majority,31,sbc_half,gecode,minizinc,SAT,2,0.17996668815612793,0.000109296
majority,31,sbc_half,gecode,minizinc,SAT,3,0.17066645622253418,0.000129645
majority,31,sbc_half,chuffed,minizinc,SAT,1,0.17783617973327637,0.0
majority,31,sbc_half,chuffed,minizinc,SAT,2,0.1714632511138916,0.0
majority,31,sbc_half,chuffed,minizinc,SAT,3,0.15945124626159668,0.0
majority,31,sbc_half,z3,smt,SAT,1,0.017269134521484375,
majority,31,sbc_half,z3,smt,SAT,2,0.01598501205444336,
majority,31,sbc_half,z3,smt,SAT,3,0.01465296745300293,
majority,31,sbc_half,cvc5,smt,SAT,1,0.012549161911010742,
majority,31,sbc_half,cvc5,smt,SAT,2,0.012322187423706055,
majority,31,sbc_half,cvc5,smt,SAT,3,0.012109756469726562,
majority,51,base,gecode,minizinc,SAT,1,0.17714357376098633,0.000202331
majority,51,base,gecode,minizinc,SAT,2,0.1782515048980713,0.000187063
majority,51,base,gecode,minizinc,SAT,3,0.18291139602661133,0.000169289
majority,51,base,chuffed,minizinc,SAT,1,0.17586708068847656,0.0
majority,51,base,chuffed,minizinc,SAT,2,0.16919660568237305,0.0
majority,51,base,chuffed,minizinc,SAT,3,0.16655397415161133,0.0
majority,51,base,z3,smt,SAT,1,0.019260883331298828,
majority,51,base,z3,smt,SAT,2,0.024587154388427734,
majority,51,base,z3,smt,SAT,3,0.02690434455871582,
majority,51,base,cvc5,smt,SAT,1,0.030792951583862305,
majority,51,base,cvc5,smt,SAT,2,0.02827620506286621,
majority,51,base,cvc5,smt,SAT,3,0.02623462677001953,
majority,51,sbc,gecode,minizinc,SAT,1,0.17590594291687012,0.000180891
majority,51,sbc,gecode,minizinc,SAT,2,0.1849822998046875,0.000222249
majority,51,sbc,gecode,minizinc,SAT,3,0.17203116416931152,0.000197692
majority,51,sbc,chuffed,minizinc,SAT,1,0.1587226390838623,0.0
majority,51,sbc,chuffed,minizinc,SAT,2,0.18524813652038574,0.0
majority,51,sbc,chuffed,minizinc,SAT,3,0.17003989219665527,0.0
majority,51,sbc,z3,smt,SAT,1,0.02256298065185547,
majority,51,sbc,z3,smt,SAT,2,0.02438521385192871,
majority,51,sbc,z3,smt,SAT,3,0.022776365280151367,
majority,51,sbc,cvc5,smt,SAT,1,0.024785757064819336,
majority,51,sbc,cvc5,smt,SAT,2,0.028408527374267578,
majority,51,sbc,cvc5,smt,SAT,3,0.02990579605102539,
majority,51,sbc_half,gecode,minizinc,SAT,1,0.19091010093688965,0.000162937
majority,51,sbc_half,gecode,minizinc,SAT,2,0.1783590316772461,0.000128392
majority,51,sbc_half,gecode,minizinc,SAT,3,0.17776846885681152,0.00016444
majority,51,sbc_half,chuffed,minizinc,SAT,1,0.1683213710784912,0.0
majority,51,sbc_half,chuffed,minizinc,SAT,2,0.16185474395751953,0.0
majority,51,sbc_half,chuffed,minizinc,SAT,3,0.18752193450927734,0.0
majority,51,sbc_half,z3,smt,SAT,1,0.02001214027404785,
majority,51,sbc_half,z3,smt,SAT,2,0.016542434692382812,
majority,51,sbc_half,z3,smt,SAT,3,0.01927495002746582,
majority,51,sbc_half,cvc5,smt,SAT,1,0.018723011016845703,
majority,51,sbc_half,cvc5,smt,SAT,2,0.01816558837890625,
majority,51,sbc_half,cvc5,smt,SAT,3,0.019108295440673828,
majority,71,base,gecode,minizinc,SAT,1,0.17660284042358398,0.000281309
majority,71,base,gecode,minizinc,SAT,2,0.17121267318725586,0.000300936
majority,71,base,gecode,minizinc,SAT,3,0.18120288848876953,0.000271902
majority,71,base,chuffed,minizinc,SAT,1,0.1726529598236084,0.001
majority,71,base,chuffed,minizinc,SAT,2,0.1743450164794922,0.0
majority,71,base,chuffed,minizinc,SAT,3,0.1683366298675537,0.0
majority,71,base,z3,smt,SAT,1,0.024016380310058594,
majority,71,base,z3,smt,SAT,2,0.0251467227935791,
majority,71,base,z3,smt,SAT,3,0.023885726928710938,
majority,71,base,cvc5,smt,SAT,1,0.040784358978271484,
majority,71,base,cvc5,smt,SAT,2,0.04146838188171387,
majority,71,base,cvc5,smt,SAT,3,0.04326486587524414,
majority,71,sbc,gecode,minizinc,SAT,1,0.16349244117736816,0.000270058
majority,71,sbc,gecode,minizinc,SAT,2,0.16944408416748047,0.000244901
majority,71,sbc,gecode,minizinc,SAT,3,0.16736698150634766,0.000247436
majority,71,sbc,chuffed,minizinc,SAT,1,0.17823576927185059,0.0
majority,71,sbc,chuffed,minizinc,SAT,2,0.17357826232910156,0.0
majority,71,sbc,chuffed,minizinc,SAT,3,0.17168617248535156,0.0
majority,71,sbc,z3,smt,SAT,1,0.020756959915161133,
majority,71,sbc,z3,smt,SAT,2,0.025159358978271484,
majority,71,sbc,z3,smt,SAT,3,0.026447296142578125,
majority,71,sbc,cvc5,smt,SAT,1,0.0398867130279541,
majority,71,sbc,cvc5,smt,SAT,2,0.04020547866821289,
majority,71,sbc,cvc5,smt,SAT,3,0.03940296173095703,
majority,71,sbc_half,gecode,minizinc,SAT,1,0.17673730850219727,0.00017005
majority,71,sbc_half,gecode,minizinc,SAT,2,0.18368768692016602,0.000204766
majority,71,sbc_half,gecode,minizinc,SAT,3,0.18768072128295898,0.000169038
majority,71,sbc_half,chuffed,minizinc,SAT,1,0.1596837043762207,0.0
majority,71,sbc_half,chuffed,minizinc,SAT,2,0.2223215103149414,0.0
majority,71,sbc_half,chuffed,minizinc,SAT,3,0.17731022834777832,0.0
majority,71,sbc_half,z3,smt,SAT,1,0.015816688537597656,
majority,71,sbc_half,z3,smt,SAT,2,0.015305519104003906,
majority,71,sbc_half,z3,smt,SAT,3,0.028877735137939453,
majority,71,sbc_half,cvc5,smt,SAT,1,0.025131702423095703,
majority,71,sbc_half,cvc5,smt,SAT,2,0.029079914093017578,
majority,71,sbc_half,cvc5,smt,SAT,3,0.022385358810424805,
neg_and_tree,8,base,gecode,minizinc,SAT,1,0.16944241523742676,7.5402e-05
neg_and_tree,8,base,gecode,minizinc,SAT,2,0.16501641273498535,7.7476e-05
neg_and_tree,8,base,gecode,minizinc,SAT,3,0.1731586456298828,7.0703e-05
neg_and_tree,8,base,chuffed,minizinc,SAT,1,0.15877461433410645,0.0
neg_and_tree,8,base,chuffed,minizinc,SAT,2,0.17194271087646484,0.0
neg_and_tree,8,base,chuffed,minizinc,SAT,3,0.17203140258789062,0.0
neg_and_tree,8,base,z3,smt,SAT,1,0.013331174850463867,
neg_and_tree,8,base,z3,smt,SAT,2,0.015905380249023438,
neg_and_tree,8,base,z3,smt,SAT,3,0.01750636100769043,
neg_and_tree,8,base,cvc5,smt,SAT,1,0.009443044662475586,
neg_and_tree,8,base,cvc5,smt,SAT,2,0.010138511657714844,
neg_and_tree,8,base,cvc5,smt,SAT,3,0.008385896682739258,
neg_and_tree,8,sbc,gecode,minizinc,SAT,1,0.1759951114654541,0.000103315
neg_and_tree,8,sbc,gecode,minizinc,SAT,2,0.17601442337036133,9.5891e-05
neg_and_tree,8,sbc,gecode,minizinc,SAT,3,0.1772143840789795,8.7705e-05
neg_and_tree,8,sbc,chuffed,minizinc,SAT,1,0.15673446655273438,0.0
neg_and_tree,8,sbc,chuffed,minizinc,SAT,2,0.15716218948364258,0.0
neg_and_tree,8,sbc,chuffed,minizinc,SAT,3,0.1728343963623047,0.0
neg_and_tree,8,sbc,z3,smt,SAT,1,0.017205476760864258,
neg_and_tree,8,sbc,z3,smt,SAT,2,0.01637101173400879,
neg_and_tree,8,sbc,z3,smt,SAT,3,0.017929553985595703,
neg_and_tree,8,sbc,cvc5,smt,SAT,1,0.011446714401245117,
neg_and_tree,8,sbc,cvc5,smt,SAT,2,0.009751319885253906,
neg_and_tree,8,sbc,cvc5,smt,SAT,3,0.010823965072631836,
neg_and_tree,8,sbc_half,gecode,minizinc,SAT,1,0.1661374568939209,7.3228e-05
neg_and_tree,8,sbc_half,gecode,minizinc,SAT,2,0.1722877025604248,0.000672406
neg_and_tree,8,sbc_half,gecode,minizinc,SAT,3,0.1718888282775879,8.3166e-05
neg_and_tree,8,sbc_half,chuffed,minizinc,SAT,1,0.17311573028564453,0.0
neg_and_tree,8,sbc_half,chuffed,minizinc,SAT,2,0.1717841625213623,0.0
neg_and_tree,8,sbc_half,chuffed,minizinc,SAT,3,0.1649160385131836,0.0
neg_and_tree,8,sbc_half,z3,smt,SAT,1,0.012695550918579102,
neg_and_tree,8,sbc_half,z3,smt,SAT,2,0.012261629104614258,
neg_and_tree,8,sbc_half,z3,smt,SAT,3,0.013926982879638672,
neg_and_tree,8,sbc_half,cvc5,smt,SAT,1,0.008059024810791016,
neg_and_tree,8,sbc_half,cvc5,smt,SAT,2,0.007606029510498047,
neg_and_tree,8,sbc_half,cvc5,smt,SAT,3,0.006677865982055664,
neg_and_tree,16,base,gecode,minizinc,SAT,1,0.15087413787841797,0.000109225
neg_and_tree,16,base,gecode,minizinc,SAT,2,0.18691301345825195,8.6382e-05
neg_and_tree,16,base,gecode,minizinc,SAT,3,0.18197154998779297,7.2587e-05
neg_and_tree,16,base,chuffed,minizinc,SAT,1,0.17304134368896484,0.0
neg_and_tree,16,base,chuffed,minizinc,SAT,2,0.20161080360412598,0.0
neg_and_tree,16,base,chuffed,minizinc,SAT,3,0.16109299659729004,0.0
neg_and_tree,16,base,z3,smt,SAT,1,0.01466989517211914,
neg_and_tree,16,base,z3,smt,SAT,2,0.014374256134033203,
neg_and_tree,16,base,z3,smt,SAT,3,0.01962566375732422,
neg_and_tree,16,base,cvc5,smt,SAT,1,0.017298221588134766,
neg_and_tree,16,base,cvc5,smt,SAT,2,0.013573646545410156,
neg_and_tree,16,base,cvc5,smt,SAT,3,0.013774633407592773,
neg_and_tree,16,sbc,gecode,minizinc,SAT,1,0.16269874572753906,9.56e-05
neg_and_tree,16,sbc,gecode,minizinc,SAT,2,0.16748285293579102,0.000121118
neg_and_tree,16,sbc,gecode,minizinc,SAT,3,0.18538856506347656,0.000106842
neg_and_tree,16,sbc,chuffed,minizinc,SAT,1,0.16737127304077148,0.0
neg_and_tree,16,sbc,chuffed,minizinc,SAT,2,0.1696488857269287,0.0
neg_and_tree,16,sbc,chuffed,minizinc,SAT,3,0.16743946075439453,0.0
neg_and_tree,16,sbc,z3,smt,SAT,1,0.019143342971801758,
neg_and_tree,16,sbc,z3,smt,SAT,2,0.0167391300201416,
neg_and_tree,16,sbc,z3,smt,SAT,3,0.01643681526184082,
neg_and_tree,16,sbc,cvc5,smt,SAT,1,0.014506816864013672,
neg_and_tree,16,sbc,cvc5,smt,SAT,2,0.014129400253295898,
neg_and_tree,16,sbc,cvc5,smt,SAT,3,0.012187719345092773,
neg_and_tree,16,sbc_half,gecode,minizinc,SAT,1,0.16826939582824707,8.4118e-05
neg_and_tree,16,sbc_half,gecode,minizinc,SAT,2,0.17148828506469727,9.583e-05
neg_and_tree,16,sbc_half,gecode,minizinc,SAT,3,0.17840027809143066,9.9978e-05
neg_and_tree,16,sbc_half,chuffed,minizinc,SAT,1,0.18165993690490723,0.0
neg_and_tree,16,sbc_half,chuffed,minizinc,SAT,2,0.169830322265625,0.0
neg_and_tree,16,sbc_half,chuffed,minizinc,SAT,3,0.1651618480682373,0.0
neg_and_tree,16,sbc_half,z3,smt,SAT,1,0.015767574310302734,
neg_and_tree,16,sbc_half,z3,smt,SAT,2,0.016242265701293945,
neg_and_tree,16,sbc_half,z3,smt,SAT,3,0.016934633255004883,
neg_and_tree,16,sbc_half,cvc5,smt,SAT,1,0.010872840881347656,
neg_and_tree,16,sbc_half,cvc5,smt,SAT,2,0.011360883712768555,
neg_and_tree,16,sbc_half,cvc5,smt,SAT,3,0.014466047286987305,
neg_and_tree,32,base,gecode,minizinc,SAT,1,0.17414474487304688,0.000100719
neg_and_tree,32,base,gecode,minizinc,SAT,2,0.1775193214416504,0.000226867
neg_and_tree,32,base,gecode,minizinc,SAT,3,0.166733980178833,0.000115578
neg_and_tree,32,base,chuffed,minizinc,SAT,1,0.1905834674835205,0.0
neg_and_tree,32,base,chuffed,minizinc,SAT,2,0.16775202751159668,0.0
neg_and_tree,32,base,chuffed,minizinc,SAT,3,0.17598485946655273,0.001
neg_and_tree,32,base,z3,smt,SAT,1,0.01681208610534668,
neg_and_tree,32,base,z3,smt,SAT,2,0.016065359115600586,
neg_and_tree,32,base,z3,smt,SAT,3,0.01672506332397461,
neg_and_tree,32,base,cvc5,smt,SAT,1,0.020547151565551758,
neg_and_tree,32,base,cvc5,smt,SAT,2,0.032990455627441406,
neg_and_tree,32,base,cvc5,smt,SAT,3,0.024294614791870117,
neg_and_tree,32,sbc,gecode,minizinc,SAT,1,0.16414451599121094,0.000137138
neg_and_tree,32,sbc,gecode,minizinc,SAT,2,0.18662571907043457,0.000200487
neg_and_tree,32,sbc,gecode,minizinc,SAT,3,0.20612072944641113,0.000158899
neg_and_tree,32,sbc,chuffed,minizinc,SAT,1,0.17682266235351562,0.0
neg_and_tree,32,sbc,chuffed,minizinc,SAT,2,0.16348004341125488,0.0
neg_and_tree,32,sbc,chuffed,minizinc,SAT,3,0.1684422492980957,0.0
neg_and_tree,32,sbc,z3,smt,SAT,1,0.021553993225097656,
neg_and_tree,32,sbc,z3,smt,SAT,2,0.01676487922668457,
neg_and_tree,32,sbc,z3,smt,SAT,3,0.02021932601928711,
neg_and_tree,32,sbc,cvc5,smt,SAT,1,0.020404577255249023,
neg_and_tree,32,sbc,cvc5,smt,SAT,2,0.022714614868164062,
neg_and_tree,32,sbc,cvc5,smt,SAT,3,0.02015829086303711,
neg_and_tree,32,sbc_half,gecode,minizinc,SAT,1,0.18316245079040527,8.0171e-05
neg_and_tree,32,sbc_half,gecode,minizinc,SAT,2,0.1733856201171875,8.2025e-05
neg_and_tree,32,sbc_half,gecode,minizinc,SAT,3,0.16278791427612305,9.1512e-05
neg_and_tree,32,sbc_half,chuffed,minizinc,SAT,1,0.16661524772644043,0.0
neg_and_tree,32,sbc_half,chuffed,minizinc,SAT,2,0.17041444778442383,0.0
neg_and_tree,32,sbc_half,chuffed,minizinc,SAT,3,0.16858553886413574,0.0
neg_and_tree,32,sbc_half,z3,smt,SAT,1,0.01599264144897461,
neg_and_tree,32,sbc_half,z3,smt,SAT,2,0.01893329620361328,
neg_and_tree,32,sbc_half,z3,smt,SAT,3,0.01920342445373535,
neg_and_tree,32,sbc_half,cvc5,smt,SAT,1,0.014702081680297852,
neg_and_tree,32,sbc_half,cvc5,smt,SAT,2,0.016752243041992188,
neg_and_tree,32,sbc_half,cvc5,smt,SAT,3,0.016703128814697266,
neg_and_tree,64,base,gecode,minizinc,SAT,1,0.1909947395324707,0.00026052
neg_and_tree,64,base,gecode,minizinc,SAT,2,0.17903542518615723,0.000157616
neg_and_tree,64,base,gecode,minizinc,SAT,3,0.17454171180725098,0.000160973
neg_and_tree,64,base,chuffed,minizinc,SAT,1,0.17630553245544434,0.0
neg_and_tree,64,base,chuffed,minizinc,SAT,2,0.16519498825073242,0.0
neg_and_tree,64,base,chuffed,minizinc,SAT,3,0.1772594451904297,0.0
neg_and_tree,64,base,z3,smt,SAT,1,0.02167797088623047,
neg_and_tree,64,base,z3,smt,SAT,2,0.021155118942260742,
neg_and_tree,64,base,z3,smt,SAT,3,0.019685983657836914,
neg_and_tree,64,base,cvc5,smt,SAT,1,0.04364204406738281,
neg_and_tree,64,base,cvc5,smt,SAT,2,0.041785240173339844,
neg_and_tree,64,base,cvc5,smt,SAT,3,0.0393214225769043,
neg_and_tree,64,sbc,gecode,minizinc,SAT,1,0.17921781539916992,0.000179999
neg_and_tree,64,sbc,gecode,minizinc,SAT,2,0.1721043586730957,0.000186842
neg_and_tree,64,sbc,gecode,minizinc,SAT,3,0.19462180137634277,0.000205297
neg_and_tree,64,sbc,chuffed,minizinc,SAT,1,0.1799333095550537,0.0
neg_and_tree,64,sbc,chuffed,minizinc,SAT,2,0.1770799160003662,0.0
neg_and_tree,64,sbc,chuffed,minizinc,SAT,3,0.18204069137573242,0.0
neg_and_tree,64,sbc,z3,smt,SAT,1,0.01922917366027832,
neg_and_tree,64,sbc,z3,smt,SAT,2,0.021800518035888672,
neg_and_tree,64,sbc,z3,smt,SAT,3,0.020621299743652344,
neg_and_tree,64,sbc,cvc5,smt,SAT,1,0.03928995132446289,
neg_and_tree,64,sbc,cvc5,smt,SAT,2,0.04517054557800293,
neg_and_tree,64,sbc,cvc5,smt,SAT,3,0.03679203987121582,
neg_and_tree,64,sbc_half,gecode,minizinc,SAT,1,0.18018603324890137,9.8495e-05
neg_and_tree,64,sbc_half,gecode,minizinc,SAT,2,0.17253684997558594,0.000140094
neg_and_tree,64,sbc_half,gecode,minizinc,SAT,3,0.18120098114013672,0.000113113
neg_and_tree,64,sbc_half,chuffed,minizinc,SAT,1,0.1870870590209961,0.0
neg_and_tree,64,sbc_half,chuffed,minizinc,SAT,2,0.1651153564453125,0.0
neg_and_tree,64,sbc_half,chuffed,minizinc,SAT,3,0.1899399757385254,0.001
neg_and_tree,64,sbc_half,z3,smt,SAT,1,0.020290613174438477,
neg_and_tree,64,sbc_half,z3,smt,SAT,2,0.020530223846435547,
neg_and_tree,64,sbc_half,z3,smt,SAT,3,0.021035194396972656,
neg_and_tree,64,sbc_half,cvc5,smt,SAT,1,0.023978710174560547,
neg_and_tree,64,sbc_half,cvc5,smt,SAT,2,0.030001163482666016,
neg_and_tree,64,sbc_half,cvc5,smt,SAT,3,0.027828216552734375,
neg_and_tree,128,base,gecode,minizinc,SAT,1,0.19202733039855957,0.000347193
neg_and_tree,128,base,gecode,minizinc,SAT,2,0.1897420883178711,0.000290416
neg_and_tree,128,base,gecode,minizinc,SAT,3,0.20927166938781738,0.000248748
neg_and_tree,128,base,chuffed,minizinc,SAT,1,0.1898787021636963,0.001
neg_and_tree,128,base,chuffed,minizinc,SAT,2,0.17973017692565918,0.001
neg_and_tree,128,base,chuffed,minizinc,SAT,3,0.18483257293701172,0.001
neg_and_tree,128,base,z3,smt,SAT,1,0.023650407791137695,
neg_and_tree,128,base,z3,smt,SAT,2,0.02404046058654785,
neg_and_tree,128,base,z3,smt,SAT,3,0.022546052932739258,
neg_and_tree,128,base,cvc5,smt,SAT,1,0.0835275650024414,
neg_and_tree,128,base,cvc5,smt,SAT,2,0.08948230743408203,
neg_and_tree,128,base,cvc5,smt,SAT,3,0.0749044418334961,
neg_and_tree,128,sbc,gecode,minizinc,SAT,1,0.19042754173278809,0.000273886
neg_and_tree,128,sbc,gecode,minizinc,SAT,2,0.18784737586975098,0.000334019
neg_and_tree,128,sbc,gecode,minizinc,SAT,3,0.2204885482788086,0.000262444
neg_and_tree,128,sbc,chuffed,minizinc,SAT,1,0.17694616317749023,0.0
neg_and_tree,128,sbc,chuffed,minizinc,SAT,2,0.17595267295837402,0.001
neg_and_tree,128,sbc,chuffed,minizinc,SAT,3,0.1782853603363037,0.0
neg_and_tree,128,sbc,z3,smt,SAT,1,0.03309488296508789,
neg_and_tree,128,sbc,z3,smt,SAT,2,0.024492740631103516,
neg_and_tree,128,sbc,z3,smt,SAT,3,0.025783538818359375,
neg_and_tree,128,sbc,cvc5,smt,SAT,1,0.08512639999389648,
neg_and_tree,128,sbc,cvc5,smt,SAT,2,0.07969474792480469,
neg_and_tree,128,sbc,cvc5,smt,SAT,3,0.08393049240112305,
neg_and_tree,128,sbc_half,gecode,minizinc,SAT,1,0.21050000190734863,0.000404712
neg_and_tree,128,sbc_half,gecode,minizinc,SAT,2,0.18275141716003418,0.00023927
neg_and_tree,128,sbc_half,gecode,minizinc,SAT,3,0.16712641716003418,0.000158368
neg_and_tree,128,sbc_half,chuffed,minizinc,SAT,1,0.1710214614868164,0.0
neg_and_tree,128,sbc_half,chuffed,minizinc,SAT,2,0.1784825325012207,0.0
neg_and_tree,128,sbc_half,chuffed,minizinc,SAT,3,0.17897939682006836,0.001
neg_and_tree,128,sbc_half,z3,smt,SAT,1,0.02556443214416504,
neg_and_tree,128,sbc_half,z3,smt,SAT,2,0.0286862850189209,
neg_and_tree,128,sbc_half,z3,smt,SAT,3,0.02352428436279297,
neg_and_tree,128,sbc_half,cvc5,smt,SAT,1,0.049648284912109375,
neg_and_tree,128,sbc_half,cvc5,smt,SAT,2,0.045968055725097656,
neg_and_tree,128,sbc_half,cvc5,smt,SAT,3,0.04714250564575195,
neg_and_tree,256,base,gecode,minizinc,SAT,1,0.18998456001281738,0.000452572
neg_and_tree,256,base,gecode,minizinc,SAT,2,0.18868780136108398,0.000428036
neg_and_tree,256,base,gecode,minizinc,SAT,3,0.2072451114654541,0.000647048
neg_and_tree,256,base,chuffed,minizinc,SAT,1,0.19009685516357422,0.001
neg_and_tree,256,base,chuffed,minizinc,SAT,2,0.18762898445129395,0.001
neg_and_tree,256,base,chuffed,minizinc,SAT,3,0.191176176071167,0.001
neg_and_tree,256,base,z3,smt,SAT,1,0.030240535736083984,
neg_and_tree,256,base,z3,smt,SAT,2,0.033007144927978516,
neg_and_tree,256,base,z3,smt,SAT,3,0.03312802314758301,
neg_and_tree,256,base,cvc5,smt,SAT,1,0.17934942245483398,
neg_and_tree,256,base,cvc5,smt,SAT,2,0.18066906929016113,
neg_and_tree,256,base,cvc5,smt,SAT,3,0.18675994873046875,
neg_and_tree,256,sbc,gecode,minizinc,SAT,1,0.19744610786437988,0.000594699
neg_and_tree,256,sbc,gecode,minizinc,SAT,2,0.20229053497314453,0.000508407
neg_and_tree,256,sbc,gecode,minizinc,SAT,3,0.19472599029541016,0.000499089
neg_and_tree,256,sbc,chuffed,minizinc,SAT,1,0.17894840240478516,0.0
neg_and_tree,256,sbc,chuffed,minizinc,SAT,2,0.20871877670288086,0.001
neg_and_tree,256,sbc,chuffed,minizinc,SAT,3,0.1926097869873047,0.0
neg_and_tree,256,sbc,z3,smt,SAT,1,0.033408403396606445,
neg_and_tree,256,sbc,z3,smt,SAT,2,0.03397083282470703,
neg_and_tree,256,sbc,z3,smt,SAT,3,0.032831668853759766,
neg_and_tree,256,sbc,cvc5,smt,SAT,1,0.2141420841217041,
neg_and_tree,256,sbc,cvc5,smt,SAT,2,0.23740458488464355,
neg_and_tree,256,sbc,cvc5,smt,SAT,3,0.1938776969909668,
neg_and_tree,256,sbc_half,gecode,minizinc,SAT,1,0.19376492500305176,0.000319792
neg_and_tree,256,sbc_half,gecode,minizinc,SAT,2,0.18840789794921875,0.00023331
neg_and_tree,256,sbc_half,gecode,minizinc,SAT,3,0.19088506698608398,0.000283433
neg_and_tree,256,sbc_half,chuffed,minizinc,SAT,1,0.18086528778076172,0.001
neg_and_tree,256,sbc_half,chuffed,minizinc,SAT,2,0.19016265869140625,0.0
neg_and_tree,256,sbc_half,chuffed,minizinc,SAT,3,0.18896269798278809,0.0
neg_and_tree,256,sbc_half,z3,smt,SAT,1,0.03002619743347168,
neg_and_tree,256,sbc_half,z3,smt,SAT,2,0.03271842002868652,
neg_and_tree,256,sbc_half,z3,smt,SAT,3,0.030345439910888672,
neg_and_tree,256,sbc_half,cvc5,smt,SAT,1,0.13691043853759766,
neg_and_tree,256,sbc_half,cvc5,smt,SAT,2,0.1542680263519287,
neg_and_tree,256,sbc_half,cvc5,smt,SAT,3,0.12093305587768555,
neg_and_tree,512,base,gecode,minizinc,SAT,1,0.22776222229003906,0.00111539
neg_and_tree,512,base,gecode,minizinc,SAT,2,0.2508876323699951,0.00127341
neg_and_tree,512,base,gecode,minizinc,SAT,3,0.23621702194213867,0.000946572
neg_and_tree,512,base,chuffed,minizinc,SAT,1,0.24411964416503906,0.001
neg_and_tree,512,base,chuffed,minizinc,SAT,2,0.22251462936401367,0.002
neg_and_tree,512,base,chuffed,minizinc,SAT,3,0.2341480255126953,0.001
neg_and_tree,512,base,z3,smt,SAT,1,0.05917096138000488,
neg_and_tree,512,base,z3,smt,SAT,2,0.06034231185913086,
neg_and_tree,512,base,z3,smt,SAT,3,0.05614972114562988,
neg_and_tree,512,base,cvc5,smt,SAT,1,0.6233432292938232,
neg_and_tree,512,base,cvc5,smt,SAT,2,0.589160680770874,
neg_and_tree,512,base,cvc5,smt,SAT,3,0.5895330905914307,
neg_and_tree,512,sbc,gecode,minizinc,SAT,1,0.23594427108764648,0.000951691
neg_and_tree,512,sbc,gecode,minizinc,SAT,2,0.24589943885803223,0.00086586
neg_and_tree,512,sbc,gecode,minizinc,SAT,3,0.24134159088134766,0.00132864
neg_and_tree,512,sbc,chuffed,minizinc,SAT,1,0.23581337928771973,0.001
neg_and_tree,512,sbc,chuffed,minizinc,SAT,2,0.2141108512878418,0.001
neg_and_tree,512,sbc,chuffed,minizinc,SAT,3,0.21437931060791016,0.001
neg_and_tree,512,sbc,z3,smt,SAT,1,0.05266737937927246,
neg_and_tree,512,sbc,z3,smt,SAT,2,0.052602291107177734,
neg_and_tree,512,sbc,z3,smt,SAT,3,0.05051445960998535,
neg_and_tree,512,sbc,cvc5,smt,SAT,1,0.5890910625457764,
neg_and_tree,512,sbc,cvc5,smt,SAT,2,0.5315804481506348,
neg_and_tree,512,sbc,cvc5,smt,SAT,3,0.5076773166656494,
neg_and_tree,512,sbc_half,gecode,minizinc,SAT,1,0.22339415550231934,0.000493859
neg_and_tree,512,sbc_half,gecode,minizinc,SAT,2,0.2098855972290039,0.00049414
neg_and_tree,512,sbc_half,gecode,minizinc,SAT,3,0.20642566680908203,0.000442332
neg_and_tree,512,sbc_half,chuffed,minizinc,SAT,1,0.2347850799560547,0.0
neg_and_tree,512,sbc_half,chuffed,minizinc,SAT,2,0.22098398208618164,0.0
neg_and_tree,512,sbc_half,chuffed,minizinc,SAT,3,0.19783973693847656,0.001
neg_and_tree,512,sbc_half,z3,smt,SAT,1,0.04356741905212402,
neg_and_tree,512,sbc_half,z3,smt,SAT,2,0.04727339744567871,
neg_and_tree,512,sbc_half,z3,smt,SAT,3,0.04233288764953613,
neg_and_tree,512,sbc_half,cvc5,smt,SAT,1,0.23499512672424316,
neg_and_tree,512,sbc_half,cvc5,smt,SAT,2,0.23988676071166992,
neg_and_tree,512,sbc_half,cvc5,smt,SAT,3,0.24293112754821777,
neg_and_tree,1024,base,gecode,minizinc,SAT,1,0.3034961223602295,0.00209445
neg_and_tree,1024,base,gecode,minizinc,SAT,2,0.29003047943115234,0.00176929
neg_and_tree,1024,base,gecode,minizinc,SAT,3,0.2740194797515869,0.00154227
neg_and_tree,1024,base,chuffed,minizinc,SAT,1,0.28856420516967773,0.002
neg_and_tree,1024,base,chuffed,minizinc,SAT,2,0.32070350646972656,0.002
neg_and_tree,1024,base,chuffed,minizinc,SAT,3,0.27010130882263184,0.002
neg_and_tree,1024,base,z3,smt,SAT,1,0.07455158233642578,
neg_and_tree,1024,base,z3,smt,SAT,2,0.09271788597106934,
neg_and_tree,1024,base,z3,smt,SAT,3,0.07681846618652344,
neg_and_tree,1024,base,cvc5,smt,SAT,1,1.512031078338623,
neg_and_tree,1024,base,cvc5,smt,SAT,2,1.4642345905303955,
neg_and_tree,1024,base,cvc5,smt,SAT,3,1.4442386627197266,
neg_and_tree,1024,sbc,gecode,minizinc,SAT,1,0.27219653129577637,0.00221814
neg_and_tree,1024,sbc,gecode,minizinc,SAT,2,0.2805137634277344,0.00255279
neg_and_tree,1024,sbc,gecode,minizinc,SAT,3,0.2702348232269287,0.00191985
neg_and_tree,1024,sbc,chuffed,minizinc,SAT,1,0.2787306308746338,0.002
neg_and_tree,1024,sbc,chuffed,minizinc,SAT,2,0.27548789978027344,0.002
neg_and_tree,1024,sbc,chuffed,minizinc,SAT,3,0.26460766792297363,0.002
neg_and_tree,1024,sbc,z3,smt,SAT,1,0.07697248458862305,
neg_and_tree,1024,sbc,z3,smt,SAT,2,0.07691478729248047,
neg_and_tree,1024,sbc,z3,smt,SAT,3,0.07707619667053223,
neg_and_tree,1024,sbc,cvc5,smt,SAT,1,1.4355823993682861,
neg_and_tree,1024,sbc,cvc5,smt,SAT,2,1.431854486465454,
neg_and_tree,1024,sbc,cvc5,smt,SAT,3,1.4912772178649902,
neg_and_tree,1024,sbc_half,gecode,minizinc,SAT,1,0.2611503601074219,0.000835172
neg_and_tree,1024,sbc_half,gecode,minizinc,SAT,2,0.2270512580871582,0.000813962
neg_and_tree,1024,sbc_half,gecode,minizinc,SAT,3,0.24265360832214355,0.000836194
neg_and_tree,1024,sbc_half,chuffed,minizinc,SAT,1,0.2751142978668213,0.001
neg_and_tree,1024,sbc_half,chuffed,minizinc,SAT,2,0.23579835891723633,0.002
neg_and_tree,1024,sbc_half,chuffed,minizinc,SAT,3,0.25005054473876953,0.001
neg_and_tree,1024,sbc_half,z3,smt,SAT,1,0.06904006004333496,
neg_and_tree,1024,sbc_half,z3,smt,SAT,2,0.06952738761901855,
neg_and_tree,1024,sbc_half,z3,smt,SAT,3,0.0657045841217041,
neg_and_tree,1024,sbc_half,cvc5,smt,SAT,1,0.6787564754486084,
neg_and_tree,1024,sbc_half,cvc5,smt,SAT,2,0.6197266578674316,
neg_and_tree,1024,sbc_half,cvc5,smt,SAT,3,0.6681051254272461,
neg_and_tree,2048,base,gecode,minizinc,SAT,1,0.4009819030761719,0.00358355
neg_and_tree,2048,base,gecode,minizinc,SAT,2,0.3913583755493164,0.00368699
neg_and_tree,2048,base,gecode,minizinc,SAT,3,0.3963649272918701,0.00327088
neg_and_tree,2048,base,chuffed,minizinc,SAT,1,0.4092402458190918,0.007
neg_and_tree,2048,base,chuffed,minizinc,SAT,2,0.41121625900268555,0.004
neg_and_tree,2048,base,chuffed,minizinc,SAT,3,0.39716553688049316,0.003
neg_and_tree,2048,base,z3,smt,SAT,1,0.15807414054870605,
neg_and_tree,2048,base,z3,smt,SAT,2,0.16497588157653809,
neg_and_tree,2048,base,z3,smt,SAT,3,0.15609383583068848,
neg_and_tree,2048,base,cvc5,smt,SAT,1,3.9510650634765625,
neg_and_tree,2048,base,cvc5,smt,SAT,2,3.9291539192199707,
neg_and_tree,2048,base,cvc5,smt,SAT,3,3.990983724594116,
neg_and_tree,2048,sbc,gecode,minizinc,SAT,1,0.3995354175567627,0.00387682
neg_and_tree,2048,sbc,gecode,minizinc,SAT,2,0.3896946907043457,0.00454235
neg_and_tree,2048,sbc,gecode,minizinc,SAT,3,0.3949851989746094,0.00344213
neg_and_tree,2048,sbc,chuffed,minizinc,SAT,1,0.3901228904724121,0.004
neg_and_tree,2048,sbc,chuffed,minizinc,SAT,2,0.4020977020263672,0.004
neg_and_tree,2048,sbc,chuffed,minizinc,SAT,3,0.4056258201599121,0.007
neg_and_tree,2048,sbc,z3,smt,SAT,1,0.1651155948638916,
neg_and_tree,2048,sbc,z3,smt,SAT,2,0.15900039672851562,
neg_and_tree,2048,sbc,z3,smt,SAT,3,0.16893911361694336,
neg_and_tree,2048,sbc,cvc5,smt,SAT,1,3.901550769805908,
neg_and_tree,2048,sbc,cvc5,smt,SAT,2,3.9192965030670166,
neg_and_tree,2048,sbc,cvc5,smt,SAT,3,3.908234119415283,
neg_and_tree,2048,sbc_half,gecode,minizinc,SAT,1,0.3306310176849365,0.00194418
neg_and_tree,2048,sbc_half,gecode,minizinc,SAT,2,0.352999210357666,0.00156343
neg_and_tree,2048,sbc_half,gecode,minizinc,SAT,3,0.3367891311645508,0.00168481
neg_and_tree,2048,sbc_half,chuffed,minizinc,SAT,1,0.3595700263977051,0.002
neg_and_tree,2048,sbc_half,chuffed,minizinc,SAT,2,0.3645501136779785,0.003
neg_and_tree,2048,sbc_half,chuffed,minizinc,SAT,3,0.34919238090515137,0.002
neg_and_tree,2048,sbc_half,z3,smt,SAT,1,0.13507771492004395,
neg_and_tree,2048,sbc_half,z3,smt,SAT,2,0.13194656372070312,
neg_and_tree,2048,sbc_half,z3,smt,SAT,3,0.1344470977783203,
neg_and_tree,2048,sbc_half,cvc5,smt,SAT,1,1.9578540325164795,
neg_and_tree,2048,sbc_half,cvc5,smt,SAT,2,1.9148445129394531,
neg_and_tree,2048,sbc_half,cvc5,smt,SAT,3,1.9167332649230957,
neg_or_tree,8,base,gecode,minizinc,SAT,1,0.16564416885375977,7.5713e-05
neg_or_tree,8,base,gecode,minizinc,SAT,2,0.16525053977966309,7.3899e-05
neg_or_tree,8,base,gecode,minizinc,SAT,3,0.15972566604614258,0.000102904
neg_or_tree,8,base,chuffed,minizinc,SAT,1,0.1519770622253418,0.0
neg_or_tree,8,base,chuffed,minizinc,SAT,2,0.14378595352172852,0.0
neg_or_tree,8,base,chuffed,minizinc,SAT,3,0.14333677291870117,0.0
neg_or_tree,8,base,z3,smt,SAT,1,0.02139878273010254,
neg_or_tree,8,base,z3,smt,SAT,2,0.018117427825927734,
neg_or_tree,8,base,z3,smt,SAT,3,0.02271103858947754,
neg_or_tree,8,base,cvc5,smt,SAT,1,0.008328676223754883,
neg_or_tree,8,base,cvc5,smt,SAT,2,0.009950399398803711,
neg_or_tree,8,base,cvc5,smt,SAT,3,0.01030278205871582,
neg_or_tree,8,sbc,gecode,minizinc,SAT,1,0.1511096954345703,8.3267e-05
neg_or_tree,8,sbc,gecode,minizinc,SAT,2,0.15799498558044434,0.000102744
neg_or_tree,8,sbc,gecode,minizinc,SAT,3,0.16985273361206055,8.6463e-05
neg_or_tree,8,sbc,chuffed,minizinc,SAT,1,0.15917325019836426,0.0
neg_or_tree,8,sbc,chuffed,minizinc,SAT,2,0.14863014221191406,0.0
neg_or_tree,8,sbc,chuffed,minizinc,SAT,3,0.1535482406616211,0.0
neg_or_tree,8,sbc,z3,smt,SAT,1,0.015003442764282227,
neg_or_tree,8,sbc,z3,smt,SAT,2,0.015524625778198242,
neg_or_tree,8,sbc,z3,smt,SAT,3,0.015405654907226562,
neg_or_tree,8,sbc,cvc5,smt,SAT,1,0.007825136184692383,
neg_or_tree,8,sbc,cvc5,smt,SAT,2,0.006628513336181641,
neg_or_tree,8,sbc,cvc5,smt,SAT,3,0.007432699203491211,
neg_or_tree,8,sbc_half,gecode,minizinc,SAT,1,0.16077780723571777,0.000103725
neg_or_tree,8,sbc_half,gecode,minizinc,SAT,2,0.15302658081054688,8.2715e-05
neg_or_tree,8,sbc_half,gecode,minizinc,SAT,3,0.16491079330444336,9.1422e-05
neg_or_tree,8,sbc_half,chuffed,minizinc,SAT,1,0.14659953117370605,0.0
neg_or_tree,8,sbc_half,chuffed,minizinc,SAT,2,0.16702818870544434,0.0
neg_or_tree,8,sbc_half,chuffed,minizinc,SAT,3,0.16354680061340332,0.0
neg_or_tree,8,sbc_half,z3,smt,SAT,1,0.012836217880249023,
neg_or_tree,8,sbc_half,z3,smt,SAT,2,0.012260675430297852,
neg_or_tree,8,sbc_half,z3,smt,SAT,3,0.017421245574951172,
neg_or_tree,8,sbc_half,cvc5,smt,SAT,1,0.007848024368286133,
neg_or_tree,8,sbc_half,cvc5,smt,SAT,2,0.009716272354125977,
neg_or_tree,8,sbc_half,cvc5,smt,SAT,3,0.0065228939056396484,
neg_or_tree,16,base,gecode,minizinc,SAT,1,0.15801310539245605,0.000242757
neg_or_tree,16,base,gecode,minizinc,SAT,2,0.15961980819702148,0.000152226
neg_or_tree,16,base,gecode,minizinc,SAT,3,0.15794968605041504,9.051e-05
neg_or_tree,16,base,chuffed,minizinc,SAT,1,0.16001248359680176,0.0
neg_or_tree,16,base,chuffed,minizinc,SAT,2,0.15646934509277344,0.0
neg_or_tree,16,base,chuffed,minizinc,SAT,3,0.15852904319763184,0.0
neg_or_tree,16,base,z3,smt,SAT,1,0.024036407470703125,
neg_or_tree,16,base,z3,smt,SAT,2,0.02044224739074707,
neg_or_tree,16,base,z3,smt,SAT,3,0.01885056495666504,
neg_or_tree,16,base,cvc5,smt,SAT,1,0.014504432678222656,
neg_or_tree,16,base,cvc5,smt,SAT,2,0.01112675666809082,
neg_or_tree,16,base,cvc5,smt,SAT,3,0.014410018920898438,
neg_or_tree,16,sbc,gecode,minizinc,SAT,1,0.16676735877990723,9.4157e-05
neg_or_tree,16,sbc,gecode,minizinc,SAT,2,0.14986491203308105,0.000101581
neg_or_tree,16,sbc,gecode,minizinc,SAT,3,0.15496540069580078,9.3566e-05
neg_or_tree,16,sbc,chuffed,minizinc,SAT,1,0.15099024772644043,0.0
neg_or_tree,16,sbc,chuffed,minizinc,SAT,2,0.15196514129638672,0.0
neg_or_tree,16,sbc,chuffed,minizinc,SAT,3,0.14955997467041016,0.0
neg_or_tree,16,sbc,z3,smt,SAT,1,0.017657995223999023,
neg_or_tree,16,sbc,z3,smt,SAT,2,0.015659570693969727,
neg_or_tree,16,sbc,z3,smt,SAT,3,0.016163349151611328,
neg_or_tree,16,sbc,cvc5,smt,SAT,1,0.011470794677734375,
neg_or_tree,16,sbc,cvc5,smt,SAT,2,0.01376032829284668,
neg_or_tree,16,sbc,cvc5,smt,SAT,3,0.012068510055541992,
neg_or_tree,16,sbc_half,gecode,minizinc,SAT,1,0.16225361824035645,0.00012273
neg_or_tree,16,sbc_half,gecode,minizinc,SAT,2,0.1587049961090088,9.4227e-05
neg_or_tree,16,sbc_half,gecode,minizinc,SAT,3,0.15401506423950195,8.5436e-05
neg_or_tree,16,sbc_half,chuffed,minizinc,SAT,1,0.18863415718078613,0.0
neg_or_tree,16,sbc_half,chuffed,minizinc,SAT,2,0.15697836875915527,0.0
neg_or_tree,16,sbc_half,chuffed,minizinc,SAT,3,0.15996956825256348,0.001
neg_or_tree,16,sbc_half,z3,smt,SAT,1,0.014023303985595703,
neg_or_tree,16,sbc_half,z3,smt,SAT,2,0.012776613235473633,
neg_or_tree,16,sbc_half,z3,smt,SAT,3,0.014903783798217773,
neg_or_tree,16,sbc_half,cvc5,smt,SAT,1,0.008869409561157227,
neg_or_tree,16,sbc_half,cvc5,smt,SAT,2,0.00927877426147461,
neg_or_tree,16,sbc_half,cvc5,smt,SAT,3,0.011322259902954102,
neg_or_tree,32,base,gecode,minizinc,SAT,1,0.16355204582214355,0.000139797
neg_or_tree,32,base,gecode,minizinc,SAT,2,0.15454411506652832,0.000128433
neg_or_tree,32,base,gecode,minizinc,SAT,3,0.1585407257080078,0.000128322
neg_or_tree,32,base,chuffed,minizinc,SAT,1,0.158524751663208,0.001
neg_or_tree,32,base,chuffed,minizinc,SAT,2,0.16225433349609375,0.0
neg_or_tree,32,base,chuffed,minizinc,SAT,3,0.16927266120910645,0.0
neg_or_tree,32,base,z3,smt,SAT,1,0.018779277801513672,
neg_or_tree,32,base,z3,smt,SAT,2,0.023625612258911133,
neg_or_tree,32,base,z3,smt,SAT,3,0.01912236213684082,
neg_or_tree,32,base,cvc5,smt,SAT,1,0.017899751663208008,
neg_or_tree,32,base,cvc5,smt,SAT,2,0.019128799438476562,
neg_or_tree,32,base,cvc5,smt,SAT,3,0.01903557777404785,
neg_or_tree,32,sbc,gecode,minizinc,SAT,1,0.15934467315673828,0.000139634
neg_or_tree,32,sbc,gecode,minizinc,SAT,2,0.16852188110351562,0.000134464
neg_or_tree,32,sbc,gecode,minizinc,SAT,3,0.15696501731872559,0.000138652
neg_or_tree,32,sbc,chuffed,minizinc,SAT,1,0.14433789253234863,0.0
neg_or_tree,32,sbc,chuffed,minizinc,SAT,2,0.15965580940246582,0.0
neg_or_tree,32,sbc,chuffed,minizinc,SAT,3,0.1511518955230713,0.0
neg_or_tree,32,sbc,z3,smt,SAT,1,0.017861366271972656,
neg_or_tree,32,sbc,z3,smt,SAT,2,0.013370037078857422,
neg_or_tree,32,sbc,z3,smt,SAT,3,0.015803813934326172,
neg_or_tree,32,sbc,cvc5,smt,SAT,1,0.01893162727355957,
neg_or_tree,32,sbc,cvc5,smt,SAT,2,0.019998788833618164,
neg_or_tree,32,sbc,cvc5,smt,SAT,3,0.015555143356323242,
neg_or_tree,32,sbc_half,gecode,minizinc,SAT,1,0.16737866401672363,0.000117828
neg_or_tree,32,sbc_half,gecode,minizinc,SAT,2,0.1740126609802246,0.000130784
neg_or_tree,32,sbc_half,gecode,minizinc,SAT,3,0.15795350074768066,0.000101696
neg_or_tree,32,sbc_half,chuffed,minizinc,SAT,1,0.15361714363098145,0.0
neg_or_tree,32,sbc_half,chuffed,minizinc,SAT,2,0.16199207305908203,0.0
neg_or_tree,32,sbc_half,chuffed,minizinc,SAT,3,0.1505298614501953,0.0
neg_or_tree,32,sbc_half,z3,smt,SAT,1,0.015622138977050781,
neg_or_tree,32,sbc_half,z3,smt,SAT,2,0.015041351318359375,
neg_or_tree,32,sbc_half,z3,smt,SAT,3,0.020218849182128906,
neg_or_tree,32,sbc_half,cvc5,smt,SAT,1,0.013962984085083008,
neg_or_tree,32,sbc_half,cvc5,smt,SAT,2,0.014515399932861328,
neg_or_tree,32,sbc_half,cvc5,smt,SAT,3,0.012534379959106445,
neg_or_tree,64,base,gecode,minizinc,SAT,1,0.1820087432861328,0.000176575
neg_or_tree,64,base,gecode,minizinc,SAT,2,0.17240023612976074,0.00017434
neg_or_tree,64,base,gecode,minizinc,SAT,3,0.16757416725158691,0.000240874
neg_or_tree,64,base,chuffed,minizinc,SAT,1,0.15831398963928223,0.0
neg_or_tree,64,base,chuffed,minizinc,SAT,2,0.15145540237426758,0.0
neg_or_tree,64,base,chuffed,minizinc,SAT,3,0.1744997501373291,0.0
neg_or_tree,64,base,z3,smt,SAT,1,0.020554542541503906,
neg_or_tree,64,base,z3,smt,SAT,2,0.02264714241027832,
neg_or_tree,64,base,z3,smt,SAT,3,0.027535438537597656,
neg_or_tree,64,base,cvc5,smt,SAT,1,0.03906679153442383,
neg_or_tree,64,base,cvc5,smt,SAT,2,0.03472590446472168,
neg_or_tree,64,base,cvc5,smt,SAT,3,0.032720088958740234,
neg_or_tree,64,sbc,gecode,minizinc,SAT,1,0.16104364395141602,0.000272163
neg_or_tree,64,sbc,gecode,minizinc,SAT,2,0.1726844310760498,0.00017517
neg_or_tree,64,sbc,gecode,minizinc,SAT,3,0.16770625114440918,0.000196742
neg_or_tree,64,sbc,chuffed,minizinc,SAT,1,0.1472172737121582,0.0
neg_or_tree,64,sbc,chuffed,minizinc,SAT,2,0.1714181900024414,0.0
neg_or_tree,64,sbc,chuffed,minizinc,SAT,3,0.15466713905334473,0.0
neg_or_tree,64,sbc,z3,smt,SAT,1,0.02064681053161621,
neg_or_tree,64,sbc,z3,smt,SAT,2,0.016819238662719727,
neg_or_tree,64,sbc,z3,smt,SAT,3,0.020124197006225586,
neg_or_tree,64,sbc,cvc5,smt,SAT,1,0.0334932804107666,
neg_or_tree,64,sbc,cvc5,smt,SAT,2,0.0316472053527832,
neg_or_tree,64,sbc,cvc5,smt,SAT,3,0.030338525772094727,
neg_or_tree,64,sbc_half,gecode,minizinc,SAT,1,0.15845322608947754,0.000121401
neg_or_tree,64,sbc_half,gecode,minizinc,SAT,2,0.18221092224121094,0.000131251
neg_or_tree,64,sbc_half,gecode,minizinc,SAT,3,0.1653428077697754,0.000123645
neg_or_tree,64,sbc_half,chuffed,minizinc,SAT,1,0.1658339500427246,0.0
neg_or_tree,64,sbc_half,chuffed,minizinc,SAT,2,0.15867400169372559,0.0
neg_or_tree,64,sbc_half,chuffed,minizinc,SAT,3,0.16153597831726074,0.0
neg_or_tree,64,sbc_half,z3,smt,SAT,1,0.0176544189453125,
neg_or_tree,64,sbc_half,z3,smt,SAT,2,0.015767812728881836,
neg_or_tree,64,sbc_half,z3,smt,SAT,3,0.014627695083618164,
neg_or_tree,64,sbc_half,cvc5,smt,SAT,1,0.022062301635742188,
neg_or_tree,64,sbc_half,cvc5,smt,SAT,2,0.02914714813232422,
neg_or_tree,64,sbc_half,cvc5,smt,SAT,3,0.025163888931274414,
neg_or_tree,128,base,gecode,minizinc,SAT,1,0.15281915664672852,0.000289993
neg_or_tree,128,base,gecode,minizinc,SAT,2,0.18053865432739258,0.000406453
neg_or_tree,128,base,gecode,minizinc,SAT,3,0.15895986557006836,0.000278901
neg_or_tree,128,base,chuffed,minizinc,SAT,1,0.16128134727478027,0.0
neg_or_tree,128,base,chuffed,minizinc,SAT,2,0.1651461124420166,0.0
neg_or_tree,128,base,chuffed,minizinc,SAT,3,0.17528581619262695,0.001
neg_or_tree,128,base,z3,smt,SAT,1,0.029477834701538086,
neg_or_tree,128,base,z3,smt,SAT,2,0.02778029441833496,
neg_or_tree,128,base,z3,smt,SAT,3,0.03336381912231445,
neg_or_tree,128,base,cvc5,smt,SAT,1,0.07791733741760254,
neg_or_tree,128,base,cvc5,smt,SAT,2,0.0913076400756836,
neg_or_tree,128,base,cvc5,smt,SAT,3,0.07459425926208496,
neg_or_tree,128,sbc,gecode,minizinc,SAT,1,0.17238473892211914,0.000461709
neg_or_tree,128,sbc,gecode,minizinc,SAT,2,0.16942787170410156,0.000324467
neg_or_tree,128,sbc,gecode,minizinc,SAT,3,0.18285727500915527,0.000435635
neg_or_tree,128,sbc,chuffed,minizinc,SAT,1,0.16125082969665527,0.0
neg_or_tree,128,sbc,chuffed,minizinc,SAT,2,0.17197632789611816,0.001
neg_or_tree,128,sbc,chuffed,minizinc,SAT,3,0.16381263732910156,0.0
neg_or_tree,128,sbc,z3,smt,SAT,1,0.02352309226989746,
neg_or_tree,128,sbc,z3,smt,SAT,2,0.025955677032470703,
neg_or_tree,128,sbc,z3,smt,SAT,3,0.02252960205078125,
neg_or_tree,128,sbc,cvc5,smt,SAT,1,0.08165311813354492,
neg_or_tree,128,sbc,cvc5,smt,SAT,2,0.07377195358276367,
neg_or_tree,128,sbc,cvc5,smt,SAT,3,0.07123923301696777,
neg_or_tree,128,sbc_half,gecode,minizinc,SAT,1,0.16971349716186523,0.000179291
neg_or_tree,128,sbc_half,gecode,minizinc,SAT,2,0.1792593002319336,0.000167758
neg_or_tree,128,sbc_half,gecode,minizinc,SAT,3,0.17579102516174316,0.000161666
neg_or_tree,128,sbc_half,chuffed,minizinc,SAT,1,0.16518402099609375,0.0
neg_or_tree,128,sbc_half,chuffed,minizinc,SAT,2,0.162733793258667,0.0
neg_or_tree,128,sbc_half,chuffed,minizinc,SAT,3,0.15584993362426758,0.001
neg_or_tree,128,sbc_half,z3,smt,SAT,1,0.026064395904541016,
neg_or_tree,128,sbc_half,z3,smt,SAT,2,0.020087242126464844,
neg_or_tree,128,sbc_half,z3,smt,SAT,3,0.017693042755126953,
neg_or_tree,128,sbc_half,cvc5,smt,SAT,1,0.04825425148010254,
neg_or_tree,128,sbc_half,cvc5,smt,SAT,2,0.041204214096069336,
neg_or_tree,128,sbc_half,cvc5,smt,SAT,3,0.044454097747802734,
neg_or_tree,256,base,gecode,minizinc,SAT,1,0.19098830223083496,0.000663082
neg_or_tree,256,base,gecode,minizinc,SAT,2,0.1772315502166748,0.000514182
neg_or_tree,256,base,gecode,minizinc,SAT,3,0.1764359474182129,0.000473553
neg_or_tree,256,base,chuffed,minizinc,SAT,1,0.17023301124572754,0.001
neg_or_tree,256,base,chuffed,minizinc,SAT,2,0.17731094360351562,0.001
neg_or_tree,256,base,chuffed,minizinc,SAT,3,0.18624329566955566,0.001
neg_or_tree,256,base,z3,smt,SAT,1,0.041879892349243164,
neg_or_tree,256,base,z3,smt,SAT,2,0.03548789024353027,
neg_or_tree,256,base,z3,smt,SAT,3,0.03716444969177246,
neg_or_tree,256,base,cvc5,smt,SAT,1,0.17233610153198242,
neg_or_tree,256,base,cvc5,smt,SAT,2,0.17756271362304688,
neg_or_tree,256,base,cvc5,smt,SAT,3,0.1755375862121582,
neg_or_tree,256,sbc,gecode,minizinc,SAT,1,0.19018125534057617,0.000547593
neg_or_tree,256,sbc,gecode,minizinc,SAT,2,0.18953943252563477,0.000723032
neg_or_tree,256,sbc,gecode,minizinc,SAT,3,0.19284319877624512,0.000538124
neg_or_tree,256,sbc,chuffed,minizinc,SAT,1,0.1717371940612793,0.0
neg_or_tree,256,sbc,chuffed,minizinc,SAT,2,0.19740700721740723,0.001
neg_or_tree,256,sbc,chuffed,minizinc,SAT,3,0.1787264347076416,0.001
neg_or_tree,256,sbc,z3,smt,SAT,1,0.03146505355834961,
neg_or_tree,256,sbc,z3,smt,SAT,2,0.02753162384033203,
neg_or_tree,256,sbc,z3,smt,SAT,3,0.02929997444152832,
neg_or_tree,256,sbc,cvc5,smt,SAT,1,0.17366838455200195,
neg_or_tree,256,sbc,cvc5,smt,SAT,2,0.16273951530456543,
neg_or_tree,256,sbc,cvc5,smt,SAT,3,0.17272663116455078,
neg_or_tree,256,sbc_half,gecode,minizinc,SAT,1,0.17395424842834473,0.000262527
neg_or_tree,256,sbc_half,gecode,minizinc,SAT,2,0.18532133102416992,0.000286674
neg_or_tree,256,sbc_half,gecode,minizinc,SAT,3,0.17281150817871094,0.000289739
neg_or_tree,256,sbc_half,chuffed,minizinc,SAT,1,0.1835334300994873,0.0
neg_or_tree,256,sbc_half,chuffed,minizinc,SAT,2,0.17038869857788086,0.0
neg_or_tree,256,sbc_half,chuffed,minizinc,SAT,3,0.17579960823059082,0.001
neg_or_tree,256,sbc_half,z3,smt,SAT,1,0.026735544204711914,
neg_or_tree,256,sbc_half,z3,smt,SAT,2,0.026624202728271484,
neg_or_tree,256,sbc_half,z3,smt,SAT,3,0.02431201934814453,
neg_or_tree,256,sbc_half,cvc5,smt,SAT,1,0.09871602058410645,
neg_or_tree,256,sbc_half,cvc5,smt,SAT,2,0.10596084594726562,
neg_or_tree,256,sbc_half,cvc5,smt,SAT,3,0.10791611671447754,
neg_or_tree,512,base,gecode,minizinc,SAT,1,0.19960403442382812,0.00255042
neg_or_tree,512,base,gecode,minizinc,SAT,2,0.20810985565185547,0.00101601
neg_or_tree,512,base,gecode,minizinc,SAT,3,0.2216651439666748,0.00107129
neg_or_tree,512,base,chuffed,minizinc,SAT,1,0.21062588691711426,0.001
neg_or_tree,512,base,chuffed,minizinc,SAT,2,0.2070920467376709,0.001
neg_or_tree,512,base,chuffed,minizinc,SAT,3,0.20780062675476074,0.001
neg_or_tree,512,base,z3,smt,SAT,1,0.05446743965148926,
neg_or_tree,512,base,z3,smt,SAT,2,0.04856061935424805,
neg_or_tree,512,base,z3,smt,SAT,3,0.05379796028137207,
neg_or_tree,512,base,cvc5,smt,SAT,1,0.4710958003997803,
neg_or_tree,512,base,cvc5,smt,SAT,2,0.4256594181060791,
neg_or_tree,512,base,cvc5,smt,SAT,3,0.4670383930206299,
neg_or_tree,512,sbc,gecode,minizinc,SAT,1,0.21213221549987793,0.0011381
neg_or_tree,512,sbc,gecode,minizinc,SAT,2,0.21454739570617676,0.00105574
neg_or_tree,512,sbc,gecode,minizinc,SAT,3,0.21481704711914062,0.00102611
neg_or_tree,512,sbc,chuffed,minizinc,SAT,1,0.21146702766418457,0.001
neg_or_tree,512,sbc,chuffed,minizinc,SAT,2,0.21719002723693848,0.002
neg_or_tree,512,sbc,chuffed,minizinc,SAT,3,0.20652484893798828,0.002
neg_or_tree,512,sbc,z3,smt,SAT,1,0.04195404052734375,
neg_or_tree,512,sbc,z3,smt,SAT,2,0.0462794303894043,
neg_or_tree,512,sbc,z3,smt,SAT,3,0.04306483268737793,
neg_or_tree,512,sbc,cvc5,smt,SAT,1,0.39336156845092773,
neg_or_tree,512,sbc,cvc5,smt,SAT,2,0.4055178165435791,
neg_or_tree,512,sbc,cvc5,smt,SAT,3,0.38755226135253906,
neg_or_tree,512,sbc_half,gecode,minizinc,SAT,1,0.1984701156616211,0.000532016
neg_or_tree,512,sbc_half,gecode,minizinc,SAT,2,0.19571590423583984,0.000486899
neg_or_tree,512,sbc_half,gecode,minizinc,SAT,3,0.1957237720489502,0.000467762
neg_or_tree,512,sbc_half,chuffed,minizinc,SAT,1,0.1894371509552002,0.0
neg_or_tree,512,sbc_half,chuffed,minizinc,SAT,2,0.1908860206604004,0.001
neg_or_tree,512,sbc_half,chuffed,minizinc,SAT,3,0.1775522232055664,0.001
neg_or_tree,512,sbc_half,z3,smt,SAT,1,0.03769516944885254,
neg_or_tree,512,sbc_half,z3,smt,SAT,2,0.03860950469970703,
neg_or_tree,512,sbc_half,z3,smt,SAT,3,0.045685529708862305,
neg_or_tree,512,sbc_half,cvc5,smt,SAT,1,0.20917320251464844,
neg_or_tree,512,sbc_half,cvc5,smt,SAT,2,0.23010802268981934,
neg_or_tree,512,sbc_half,cvc5,smt,SAT,3,0.20305418968200684,
neg_or_tree,1024,base,gecode,minizinc,SAT,1,0.26961684226989746,0.00217096
neg_or_tree,1024,base,gecode,minizinc,SAT,2,0.2820248603820801,0.00218744
neg_or_tree,1024,base,gecode,minizinc,SAT,3,0.27014899253845215,0.00287484
neg_or_tree,1024,base,chuffed,minizinc,SAT,1,0.2748727798461914,0.002
neg_or_tree,1024,base,chuffed,minizinc,SAT,2,0.2665982246398926,0.004
neg_or_tree,1024,base,chuffed,minizinc,SAT,3,0.28638720512390137,0.002
neg_or_tree,1024,base,z3,smt,SAT,1,0.0839698314666748,
neg_or_tree,1024,base,z3,smt,SAT,2,0.08275794982910156,
neg_or_tree,1024,base,z3,smt,SAT,3,0.08019447326660156,
neg_or_tree,1024,base,cvc5,smt,SAT,1,1.4332756996154785,
neg_or_tree,1024,base,cvc5,smt,SAT,2,1.3426933288574219,
neg_or_tree,1024,base,cvc5,smt,SAT,3,1.3925704956054688,
neg_or_tree,1024,sbc,gecode,minizinc,SAT,1,0.2712428569793701,0.0023118
neg_or_tree,1024,sbc,gecode,minizinc,SAT,2,0.2720165252685547,0.00258952
neg_or_tree,1024,sbc,gecode,minizinc,SAT,3,0.2713747024536133,0.00243675
neg_or_tree,1024,sbc,chuffed,minizinc,SAT,1,0.2977941036224365,0.002
neg_or_tree,1024,sbc,chuffed,minizinc,SAT,2,0.28076744079589844,0.002
neg_or_tree,1024,sbc,chuffed,minizinc,SAT,3,0.27953124046325684,0.002
neg_or_tree,1024,sbc,z3,smt,SAT,1,0.07110095024108887,
neg_or_tree,1024,sbc,z3,smt,SAT,2,0.0761876106262207,
neg_or_tree,1024,sbc,z3,smt,SAT,3,0.07091856002807617,
neg_or_tree,1024,sbc,cvc5,smt,SAT,1,1.1658313274383545,
neg_or_tree,1024,sbc,cvc5,smt,SAT,2,1.160188913345337,
neg_or_tree,1024,sbc,cvc5,smt,SAT,3,1.1989624500274658,
neg_or_tree,1024,sbc_half,gecode,minizinc,SAT,1,0.2547333240509033,0.0012965
neg_or_tree,1024,sbc_half,gecode,minizinc,SAT,2,0.27916669845581055,0.0010644
neg_or_tree,1024,sbc_half,gecode,minizinc,SAT,3,0.24991750717163086,0.00102449
neg_or_tree,1024,sbc_half,chuffed,minizinc,SAT,1,0.2509925365447998,0.001
neg_or_tree,1024,sbc_half,chuffed,minizinc,SAT,2,0.24787187576293945,0.001
neg_or_tree,1024,sbc_half,chuffed,minizinc,SAT,3,0.2468712329864502,0.001
neg_or_tree,1024,sbc_half,z3,smt,SAT,1,0.05965876579284668,
neg_or_tree,1024,sbc_half,z3,smt,SAT,2,0.06645035743713379,
neg_or_tree,1024,sbc_half,z3,smt,SAT,3,0.07045841217041016,
neg_or_tree,1024,sbc_half,cvc5,smt,SAT,1,0.5240895748138428,
neg_or_tree,1024,sbc_half,cvc5,smt,SAT,2,0.5366125106811523,
neg_or_tree,1024,sbc_half,cvc5,smt,SAT,3,0.524744987487793,
neg_or_tree,2048,base,gecode,minizinc,SAT,1,0.4023928642272949,0.00453321
neg_or_tree,2048,base,gecode,minizinc,SAT,2,0.4219391345977783,0.00443312
neg_or_tree,2048,base,gecode,minizinc,SAT,3,0.41091394424438477,0.00427029
neg_or_tree,2048,base,chuffed,minizinc,SAT,1,0.43166565895080566,0.004
neg_or_tree,2048,base,chuffed,minizinc,SAT,2,0.40500974655151367,0.005
neg_or_tree,2048,base,chuffed,minizinc,SAT,3,0.4129445552825928,0.005
neg_or_tree,2048,base,z3,smt,SAT,1,0.2030925750732422,
neg_or_tree,2048,base,z3,smt,SAT,2,0.19001102447509766,
neg_or_tree,2048,base,z3,smt,SAT,3,0.1925208568572998,
neg_or_tree,2048,base,cvc5,smt,SAT,1,3.6362695693969727,
neg_or_tree,2048,base,cvc5,smt,SAT,2,3.704622745513916,
neg_or_tree,2048,base,cvc5,smt,SAT,3,3.655871868133545,
neg_or_tree,2048,sbc,gecode,minizinc,SAT,1,0.42758965492248535,0.00436478
neg_or_tree,2048,sbc,gecode,minizinc,SAT,2,0.40017247200012207,0.00398638
neg_or_tree,2048,sbc,gecode,minizinc,SAT,3,0.41211414337158203,0.00494516
neg_or_tree,2048,sbc,chuffed,minizinc,SAT,1,0.39721202850341797,0.004
neg_or_tree,2048,sbc,chuffed,minizinc,SAT,2,0.41445183753967285,0.003
neg_or_tree,2048,sbc,chuffed,minizinc,SAT,3,0.41799211502075195,0.006
neg_or_tree,2048,sbc,z3,smt,SAT,1,0.15040111541748047,
neg_or_tree,2048,sbc,z3,smt,SAT,2,0.15825748443603516,
neg_or_tree,2048,sbc,z3,smt,SAT,3,0.14246582984924316,
neg_or_tree,2048,sbc,cvc5,smt,SAT,1,3.1492817401885986,
neg_or_tree,2048,sbc,cvc5,smt,SAT,2,3.1224820613861084,
neg_or_tree,2048,sbc,cvc5,smt,SAT,3,3.119396686553955,
neg_or_tree,2048,sbc_half,gecode,minizinc,SAT,1,0.3610060214996338,0.00163735
neg_or_tree,2048,sbc_half,gecode,minizinc,SAT,2,0.32957983016967773,0.00202613
neg_or_tree,2048,sbc_half,gecode,minizinc,SAT,3,0.33789539337158203,0.00206142
neg_or_tree,2048,sbc_half,chuffed,minizinc,SAT,1,0.336747407913208,0.002
neg_or_tree,2048,sbc_half,chuffed,minizinc,SAT,2,0.347576379776001,0.005
neg_or_tree,2048,sbc_half,chuffed,minizinc,SAT,3,0.33574819564819336,0.002
neg_or_tree,2048,sbc_half,z3,smt,SAT,1,0.1177816390991211,
neg_or_tree,2048,sbc_half,z3,smt,SAT,2,0.12312006950378418,
neg_or_tree,2048,sbc_half,z3,smt,SAT,3,0.13503384590148926,
neg_or_tree,2048,sbc_half,cvc5,smt,SAT,1,1.6838161945343018,
neg_or_tree,2048,sbc_half,cvc5,smt,SAT,2,1.6749217510223389,
neg_or_tree,2048,sbc_half,cvc5,smt,SAT,3,1.6836113929748535,
or_tree,8,base,gecode,minizinc,SAT,1,0.14792466163635254,8.854e-05
or_tree,8,base,gecode,minizinc,SAT,2,0.1633455753326416,8.6808e-05
or_tree,8,base,gecode,minizinc,SAT,3,0.15138912200927734,7.4905e-05
or_tree,8,base,chuffed,minizinc,SAT,1,0.1584012508392334,0.0
or_tree,8,base,chuffed,minizinc,SAT,2,0.13859248161315918,0.0
or_tree,8,base,chuffed,minizinc,SAT,3,0.15361762046813965,0.0
or_tree,8,base,z3,smt,SAT,1,0.023946762084960938,
or_tree,8,base,z3,smt,SAT,2,0.017398357391357422,
or_tree,8,base,z3,smt,SAT,3,0.017014503479003906,
or_tree,8,base,cvc5,smt,SAT,1,0.0109405517578125,
or_tree,8,base,cvc5,smt,SAT,2,0.006568193435668945,
or_tree,8,base,cvc5,smt,SAT,3,0.01003718376159668,
or_tree,8,sbc,gecode,minizinc,SAT,1,0.1651933193206787,8.2129e-05
or_tree,8,sbc,gecode,minizinc,SAT,2,0.158186674118042,8.0335e-05
or_tree,8,sbc,gecode,minizinc,SAT,3,0.16575837135314941,8.1768e-05
or_tree,8,sbc,chuffed,minizinc,SAT,1,0.15541625022888184,0.0
or_tree,8,sbc,chuffed,minizinc,SAT,2,0.1539459228515625,0.0
or_tree,8,sbc,chuffed,minizinc,SAT,3,0.16531062126159668,0.0
or_tree,8,sbc,z3,smt,SAT,1,0.01569652557373047,
or_tree,8,sbc,z3,smt,SAT,2,0.015653610229492188,
or_tree,8,sbc,z3,smt,SAT,3,0.012433528900146484,
or_tree,8,sbc,cvc5,smt,SAT,1,0.0078051090240478516,
or_tree,8,sbc,cvc5,smt,SAT,2,0.009363651275634766,
or_tree,8,sbc,cvc5,smt,SAT,3,0.008437395095825195,
or_tree,8,sbc_half,gecode,minizinc,SAT,1,0.1571652889251709,0.000102827
or_tree,8,sbc_half,gecode,minizinc,SAT,2,0.1568160057067871,7.2121e-05
or_tree,8,sbc_half,gecode,minizinc,SAT,3,0.17267990112304688,8.1979e-05
or_tree,8,sbc_half,chuffed,minizinc,SAT,1,0.1583399772644043,0.0
or_tree,8,sbc_half,chuffed,minizinc,SAT,2,0.15105962753295898,0.0
or_tree,8,sbc_half,chuffed,minizinc,SAT,3,0.15333104133605957,0.0
or_tree,8,sbc_half,z3,smt,SAT,1,0.014172792434692383,
or_tree,8,sbc_half,z3,smt,SAT,2,0.013480186462402344,
or_tree,8,sbc_half,z3,smt,SAT,3,0.016811847686767578,
or_tree,8,sbc_half,cvc5,smt,SAT,1,0.007924079895019531,
or_tree,8,sbc_half,cvc5,smt,SAT,2,0.007967948913574219,
or_tree,8,sbc_half,cvc5,smt,SAT,3,0.007036447525024414,
or_tree,16,base,gecode,minizinc,SAT,1,0.16251182556152344,0.000127782
or_tree,16,base,gecode,minizinc,SAT,2,0.16424083709716797,0.000278377
or_tree,16,base,gecode,minizinc,SAT,3,0.15613269805908203,0.000218558
or_tree,16,base,chuffed,minizinc,SAT,1,0.17001605033874512,0.0
or_tree,16,base,chuffed,minizinc,SAT,2,0.17688775062561035,0.0
or_tree,16,base,chuffed,minizinc,SAT,3,0.16058111190795898,0.0
or_tree,16,base,z3,smt,SAT,1,0.019002914428710938,
or_tree,16,base,z3,smt,SAT,2,0.022851228713989258,
or_tree,16,base,z3,smt,SAT,3,0.017438411712646484,
or_tree,16,base,cvc5,smt,SAT,1,0.00992894172668457,
or_tree,16,base,cvc5,smt,SAT,2,0.010801315307617188,
or_tree,16,base,cvc5,smt,SAT,3,0.010099172592163086,
or_tree,16,sbc,gecode,minizinc,SAT,1,0.15430879592895508,0.000100092
or_tree,16,sbc,gecode,minizinc,SAT,2,0.1429436206817627,9.2479e-05
or_tree,16,sbc,gecode,minizinc,SAT,3,0.14504790306091309,8.3533e-05
or_tree,16,sbc,chuffed,minizinc,SAT,1,0.15543675422668457,0.0
or_tree,16,sbc,chuffed,minizinc,SAT,2,0.15500569343566895,0.0
or_tree,16,sbc,chuffed,minizinc,SAT,3,0.15779447555541992,0.0
or_tree,16,sbc,z3,smt,SAT,1,0.014578104019165039,
or_tree,16,sbc,z3,smt,SAT,2,0.01216745376586914,
or_tree,16,sbc,z3,smt,SAT,3,0.013437271118164062,
or_tree,16,sbc,cvc5,smt,SAT,1,0.007471799850463867,
or_tree,16,sbc,cvc5,smt,SAT,2,0.009657859802246094,
or_tree,16,sbc,cvc5,smt,SAT,3,0.007279396057128906,
or_tree,16,sbc_half,gecode,minizinc,SAT,1,0.13891267776489258,0.000101636
or_tree,16,sbc_half,gecode,minizinc,SAT,2,0.1484384536743164,7.8854e-05
or_tree,16,sbc_half,gecode,minizinc,SAT,3,0.13686585426330566,7.9204e-05
or_tree,16,sbc_half,chuffed,minizinc,SAT,1,0.1352541446685791,0.0
or_tree,16,sbc_half,chuffed,minizinc,SAT,2,0.14185237884521484,0.0
or_tree,16,sbc_half,chuffed,minizinc,SAT,3,0.15059876441955566,0.0
or_tree,16,sbc_half,z3,smt,SAT,1,0.01706981658935547,
or_tree,16,sbc_half,z3,smt,SAT,2,0.013115882873535156,
or_tree,16,sbc_half,z3,smt,SAT,3,0.01293492317199707,
or_tree,16,sbc_half,cvc5,smt,SAT,1,0.007209300994873047,
or_tree,16,sbc_half,cvc5,smt,SAT,2,0.008857250213623047,
or_tree,16,sbc_half,cvc5,smt,SAT,3,0.00764918327331543,
or_tree,32,base,gecode,minizinc,SAT,1,0.15654253959655762,0.000101756
or_tree,32,base,gecode,minizinc,SAT,2,0.15208768844604492,0.000177524
or_tree,32,base,gecode,minizinc,SAT,3,0.15434932708740234,9.9823e-05
or_tree,32,base,chuffed,minizinc,SAT,1,0.17070436477661133,0.0
or_tree,32,base,chuffed,minizinc,SAT,2,0.14892148971557617,0.0
or_tree,32,base,chuffed,minizinc,SAT,3,0.14537763595581055,0.0
or_tree,32,base,z3,smt,SAT,1,0.02129817008972168,
or_tree,32,base,z3,smt,SAT,2,0.022684812545776367,
or_tree,32,base,z3,smt,SAT,3,0.019115447998046875,
or_tree,32,base,cvc5,smt,SAT,1,0.014035463333129883,
or_tree,32,base,cvc5,smt,SAT,2,0.012853384017944336,
or_tree,32,base,cvc5,smt,SAT,3,0.015356779098510742,
or_tree,32,sbc,gecode,minizinc,SAT,1,0.14458751678466797,0.000116012
or_tree,32,sbc,gecode,minizinc,SAT,2,0.14453935623168945,0.000104711
or_tree,32,sbc,gecode,minizinc,SAT,3,0.142714262008667,0.000107567
or_tree,32,sbc,chuffed,minizinc,SAT,1,0.1496579647064209,0.0
or_tree,32,sbc,chuffed,minizinc,SAT,2,0.14022183418273926,0.0
or_tree,32,sbc,chuffed,minizinc,SAT,3,0.13329148292541504,0.0
or_tree,32,sbc,z3,smt,SAT,1,0.016509532928466797,
or_tree,32,sbc,z3,smt,SAT,2,0.013874530792236328,
or_tree,32,sbc,z3,smt,SAT,3,0.015893936157226562,
or_tree,32,sbc,cvc5,smt,SAT,1,0.011325597763061523,
or_tree,32,sbc,cvc5,smt,SAT,2,0.011942863464355469,
or_tree,32,sbc,cvc5,smt,SAT,3,0.011003732681274414,
or_tree,32,sbc_half,gecode,minizinc,SAT,1,0.13878726959228516,8.9814e-05
or_tree,32,sbc_half,gecode,minizinc,SAT,2,0.13762331008911133,9.0756e-05
or_tree,32,sbc_half,gecode,minizinc,SAT,3,0.14732956886291504,0.000101686
or_tree,32,sbc_half,chuffed,minizinc,SAT,1,0.1756148338317871,0.0
or_tree,32,sbc_half,chuffed,minizinc,SAT,2,0.16581964492797852,0.0
or_tree,32,sbc_half,chuffed,minizinc,SAT,3,0.1525099277496338,0.0
or_tree,32,sbc_half,z3,smt,SAT,1,0.012439966201782227,
or_tree,32,sbc_half,z3,smt,SAT,2,0.015636205673217773,
or_tree,32,sbc_half,z3,smt,SAT,3,0.017390727996826172,
or_tree,32,sbc_half,cvc5,smt,SAT,1,0.008851051330566406,
or_tree,32,sbc_half,cvc5,smt,SAT,2,0.010449886322021484,
or_tree,32,sbc_half,cvc5,smt,SAT,3,0.012117147445678711,
or_tree,64,base,gecode,minizinc,SAT,1,0.1829676628112793,0.000131862
or_tree,64,base,gecode,minizinc,SAT,2,0.16811227798461914,0.000144484
or_tree,64,base,gecode,minizinc,SAT,3,0.17871904373168945,0.000132983
or_tree,64,base,chuffed,minizinc,SAT,1,0.16257882118225098,0.0
or_tree,64,base,chuffed,minizinc,SAT,2,0.15623211860656738,0.0
or_tree,64,base,chuffed,minizinc,SAT,3,0.15507841110229492,0.0
or_tree,64,base,z3,smt,SAT,1,0.020566701889038086,
or_tree,64,base,z3,smt,SAT,2,0.02446913719177246,
or_tree,64,base,z3,smt,SAT,3,0.02219223976135254,
or_tree,64,base,cvc5,smt,SAT,1,0.025242090225219727,
or_tree,64,base,cvc5,smt,SAT,2,0.024138212203979492,
or_tree,64,base,cvc5,smt,SAT,3,0.021950244903564453,
or_tree,64,sbc,gecode,minizinc,SAT,1,0.15823674201965332,0.000156226
or_tree,64,sbc,gecode,minizinc,SAT,2,0.1624302864074707,0.000181863
or_tree,64,sbc,gecode,minizinc,SAT,3,0.16392755508422852,0.000204154
or_tree,64,sbc,chuffed,minizinc,SAT,1,0.16086101531982422,0.0
or_tree,64,sbc,chuffed,minizinc,SAT,2,0.16198468208312988,0.0
or_tree,64,sbc,chuffed,minizinc,SAT,3,0.15821242332458496,0.0
or_tree,64,sbc,z3,smt,SAT,1,0.013517379760742188,
or_tree,64,sbc,z3,smt,SAT,2,0.01349782943725586,
or_tree,64,sbc,z3,smt,SAT,3,0.0184478759765625,
or_tree,64,sbc,cvc5,smt,SAT,1,0.023816823959350586,
or_tree,64,sbc,cvc5,smt,SAT,2,0.019466400146484375,
or_tree,64,sbc,cvc5,smt,SAT,3,0.019105911254882812,
or_tree,64,sbc_half,gecode,minizinc,SAT,1,0.16553688049316406,0.000153081
or_tree,64,sbc_half,gecode,minizinc,SAT,2,0.157822847366333,0.000105323
or_tree,64,sbc_half,gecode,minizinc,SAT,3,0.1593000888824463,0.000108649
or_tree,64,sbc_half,chuffed,minizinc,SAT,1,0.1639409065246582,0.0
or_tree,64,sbc_half,chuffed,minizinc,SAT,2,0.16527080535888672,0.0
or_tree,64,sbc_half,chuffed,minizinc,SAT,3,0.16418170928955078,0.0
or_tree,64,sbc_half,z3,smt,SAT,1,0.018320322036743164,
or_tree,64,sbc_half,z3,smt,SAT,2,0.017791271209716797,
or_tree,64,sbc_half,z3,smt,SAT,3,0.01740431785583496,
or_tree,64,sbc_half,cvc5,smt,SAT,1,0.015750885009765625,
or_tree,64,sbc_half,cvc5,smt,SAT,2,0.016371488571166992,
or_tree,64,sbc_half,cvc5,smt,SAT,3,0.017770767211914062,
or_tree,128,base,gecode,minizinc,SAT,1,0.187530517578125,0.000210857
or_tree,128,base,gecode,minizinc,SAT,2,0.19127202033996582,0.000330977
or_tree,128,base,gecode,minizinc,SAT,3,0.16355466842651367,0.000206909
or_tree,128,base,chuffed,minizinc,SAT,1,0.15643095970153809,0.001
or_tree,128,base,chuffed,minizinc,SAT,2,0.15782928466796875,0.001
or_tree,128,base,chuffed,minizinc,SAT,3,0.16019105911254883,0.001
or_tree,128,base,z3,smt,SAT,1,0.02415633201599121,
or_tree,128,base,z3,smt,SAT,2,0.022255420684814453,
or_tree,128,base,z3,smt,SAT,3,0.02317500114440918,
or_tree,128,base,cvc5,smt,SAT,1,0.048723459243774414,
or_tree,128,base,cvc5,smt,SAT,2,0.04145312309265137,
or_tree,128,base,cvc5,smt,SAT,3,0.04155445098876953,
or_tree,128,sbc,gecode,minizinc,SAT,1,0.15922784805297852,0.000219753
or_tree,128,sbc,gecode,minizinc,SAT,2,0.15780377388000488,0.000220144
or_tree,128,sbc,gecode,minizinc,SAT,3,0.1695115566253662,0.000215295
or_tree,128,sbc,chuffed,minizinc,SAT,1,0.16189885139465332,0.0
or_tree,128,sbc,chuffed,minizinc,SAT,2,0.18634486198425293,0.0
or_tree,128,sbc,chuffed,minizinc,SAT,3,0.16150283813476562,0.0
or_tree,128,sbc,z3,smt,SAT,1,0.021341323852539062,
or_tree,128,sbc,z3,smt,SAT,2,0.022024154663085938,
or_tree,128,sbc,z3,smt,SAT,3,0.01703357696533203,
or_tree,128,sbc,cvc5,smt,SAT,1,0.040204763412475586,
or_tree,128,sbc,cvc5,smt,SAT,2,0.03818058967590332,
or_tree,128,sbc,cvc5,smt,SAT,3,0.04421424865722656,
or_tree,128,sbc_half,gecode,minizinc,SAT,1,0.16933321952819824,0.00017436
or_tree,128,sbc_half,gecode,minizinc,SAT,2,0.1699211597442627,0.000188156
or_tree,128,sbc_half,gecode,minizinc,SAT,3,0.15120887756347656,0.000205418
or_tree,128,sbc_half,chuffed,minizinc,SAT,1,0.1559910774230957,0.0
or_tree,128,sbc_half,chuffed,minizinc,SAT,2,0.1582481861114502,0.0
or_tree,128,sbc_half,chuffed,minizinc,SAT,3,0.1572129726409912,0.001
or_tree,128,sbc_half,z3,smt,SAT,1,0.015085458755493164,
or_tree,128,sbc_half,z3,smt,SAT,2,0.015395641326904297,
or_tree,128,sbc_half,z3,smt,SAT,3,0.01799917221069336,
or_tree,128,sbc_half,cvc5,smt,SAT,1,0.026518821716308594,
or_tree,128,sbc_half,cvc5,smt,SAT,2,0.025662899017333984,
or_tree,128,sbc_half,cvc5,smt,SAT,3,0.032430171966552734,
or_tree,256,base,gecode,minizinc,SAT,1,0.16898655891418457,0.000390267
or_tree,256,base,gecode,minizinc,SAT,2,0.16841673851013184,0.000379427
or_tree,256,base,gecode,minizinc,SAT,3,0.18117046356201172,0.000364359
or_tree,256,base,chuffed,minizinc,SAT,1,0.15800809860229492,0.0
or_tree,256,base,chuffed,minizinc,SAT,2,0.184431791305542,0.0
or_tree,256,base,chuffed,minizinc,SAT,3,0.16262125968933105,0.0
or_tree,256,base,z3,smt,SAT,1,0.02585148811340332,
or_tree,256,base,z3,smt,SAT,2,0.025519847869873047,
or_tree,256,base,z3,smt,SAT,3,0.028943777084350586,
or_tree,256,base,cvc5,smt,SAT,1,0.07454633712768555,
or_tree,256,base,cvc5,smt,SAT,2,0.07681441307067871,
or_tree,256,base,cvc5,smt,SAT,3,0.07662010192871094,
or_tree,256,sbc,gecode,minizinc,SAT,1,0.15552973747253418,0.000382383
or_tree,256,sbc,gecode,minizinc,SAT,2,0.16530489921569824,0.000396549
or_tree,256,sbc,gecode,minizinc,SAT,3,0.16579675674438477,0.000364872
or_tree,256,sbc,chuffed,minizinc,SAT,1,0.1457047462463379,0.0
or_tree,256,sbc,chuffed,minizinc,SAT,2,0.15409421920776367,0.0
or_tree,256,sbc,chuffed,minizinc,SAT,3,0.14607906341552734,0.0
or_tree,256,sbc,z3,smt,SAT,1,0.022021770477294922,
or_tree,256,sbc,z3,smt,SAT,2,0.02457284927368164,
or_tree,256,sbc,z3,smt,SAT,3,0.019456148147583008,
or_tree,256,sbc,cvc5,smt,SAT,1,0.07399249076843262,
or_tree,256,sbc,cvc5,smt,SAT,2,0.0753793716430664,
or_tree,256,sbc,cvc5,smt,SAT,3,0.07133913040161133,
or_tree,256,sbc_half,gecode,minizinc,SAT,1,0.15279746055603027,0.000195078
or_tree,256,sbc_half,gecode,minizinc,SAT,2,0.1474628448486328,0.000258987
or_tree,256,sbc_half,gecode,minizinc,SAT,3,0.15241575241088867,0.000211229
or_tree,256,sbc_half,chuffed,minizinc,SAT,1,0.14934015274047852,0.0
or_tree,256,sbc_half,chuffed,minizinc,SAT,2,0.1541585922241211,0.0
or_tree,256,sbc_half,chuffed,minizinc,SAT,3,0.1458282470703125,0.0
or_tree,256,sbc_half,z3,smt,SAT,1,0.01900029182434082,
or_tree,256,sbc_half,z3,smt,SAT,2,0.01853632926940918,
or_tree,256,sbc_half,z3,smt,SAT,3,0.01844310760498047,
or_tree,256,sbc_half,cvc5,smt,SAT,1,0.0437922477722168,
or_tree,256,sbc_half,cvc5,smt,SAT,2,0.04364490509033203,
or_tree,256,sbc_half,cvc5,smt,SAT,3,0.043889522552490234,
or_tree,512,base,gecode,minizinc,SAT,1,0.16818976402282715,0.000770409
or_tree,512,base,gecode,minizinc,SAT,2,0.1692183017730713,0.000628738
or_tree,512,base,gecode,minizinc,SAT,3,0.17039728164672852,0.000656389
or_tree,512,base,chuffed,minizinc,SAT,1,0.1620006561279297,0.001
or_tree,512,base,chuffed,minizinc,SAT,2,0.17046880722045898,0.0
or_tree,512,base,chuffed,minizinc,SAT,3,0.16629958152770996,0.001
or_tree,512,base,z3,smt,SAT,1,0.035295963287353516,
or_tree,512,base,z3,smt,SAT,2,0.040580034255981445,
or_tree,512,base,z3,smt,SAT,3,0.03856515884399414,
or_tree,512,base,cvc5,smt,SAT,1,0.19144463539123535,
or_tree,512,base,cvc5,smt,SAT,2,0.26547980308532715,
or_tree,512,base,cvc5,smt,SAT,3,0.21416997909545898,
or_tree,512,sbc,gecode,minizinc,SAT,1,0.20058369636535645,0.000712142
or_tree,512,sbc,gecode,minizinc,SAT,2,0.19545841217041016,0.00083006
or_tree,512,sbc,gecode,minizinc,SAT,3,0.19580841064453125,0.000691404
or_tree,512,sbc,chuffed,minizinc,SAT,1,0.1953449249267578,0.0
or_tree,512,sbc,chuffed,minizinc,SAT,2,0.16547513008117676,0.0
or_tree,512,sbc,chuffed,minizinc,SAT,3,0.1781787872314453,0.001
or_tree,512,sbc,z3,smt,SAT,1,0.03593587875366211,
or_tree,512,sbc,z3,smt,SAT,2,0.040084123611450195,
or_tree,512,sbc,z3,smt,SAT,3,0.035129547119140625,
or_tree,512,sbc,cvc5,smt,SAT,1,0.1883561611175537,
or_tree,512,sbc,cvc5,smt,SAT,2,0.2043931484222412,
or_tree,512,sbc,cvc5,smt,SAT,3,0.23255252838134766,
or_tree,512,sbc_half,gecode,minizinc,SAT,1,0.18651175498962402,0.000670437
or_tree,512,sbc_half,gecode,minizinc,SAT,2,0.2023792266845703,0.000525229
or_tree,512,sbc_half,gecode,minizinc,SAT,3,0.1860675811767578,0.000385822
or_tree,512,sbc_half,chuffed,minizinc,SAT,1,0.18513774871826172,0.0
or_tree,512,sbc_half,chuffed,minizinc,SAT,2,0.19478440284729004,0.0
or_tree,512,sbc_half,chuffed,minizinc,SAT,3,0.1886768341064453,0.0
or_tree,512,sbc_half,z3,smt,SAT,1,0.030947208404541016,
or_tree,512,sbc_half,z3,smt,SAT,2,0.02849102020263672,
or_tree,512,sbc_half,z3,smt,SAT,3,0.02982330322265625,
or_tree,512,sbc_half,cvc5,smt,SAT,1,0.11678242683410645,
or_tree,512,sbc_half,cvc5,smt,SAT,2,0.12147378921508789,
or_tree,512,sbc_half,cvc5,smt,SAT,3,0.1342918872833252,
or_tree,1024,base,gecode,minizinc,SAT,1,0.2333836555480957,0.00148354
or_tree,1024,base,gecode,minizinc,SAT,2,0.20694923400878906,0.00119672
or_tree,1024,base,gecode,minizinc,SAT,3,0.20679187774658203,0.00145587
or_tree,1024,base,chuffed,minizinc,SAT,1,0.19397616386413574,0.001
or_tree,1024,base,chuffed,minizinc,SAT,2,0.2135162353515625,0.001
or_tree,1024,base,chuffed,minizinc,SAT,3,0.20140528678894043,0.001
or_tree,1024,base,z3,smt,SAT,1,0.05835914611816406,
or_tree,1024,base,z3,smt,SAT,2,0.0627896785736084,
or_tree,1024,base,z3,smt,SAT,3,0.06372666358947754,
or_tree,1024,base,cvc5,smt,SAT,1,0.4411735534667969,
or_tree,1024,base,cvc5,smt,SAT,2,0.4310615062713623,
or_tree,1024,base,cvc5,smt,SAT,3,0.43594980239868164,
or_tree,1024,sbc,gecode,minizinc,SAT,1,0.2015218734741211,0.00151677
or_tree,1024,sbc,gecode,minizinc,SAT,2,0.1984539031982422,0.00146625
or_tree,1024,sbc,gecode,minizinc,SAT,3,0.1979808807373047,0.00154663
or_tree,1024,sbc,chuffed,minizinc,SAT,1,0.2010211944580078,0.001
or_tree,1024,sbc,chuffed,minizinc,SAT,2,0.20724844932556152,0.002
or_tree,1024,sbc,chuffed,minizinc,SAT,3,0.20059919357299805,0.001
or_tree,1024,sbc,z3,smt,SAT,1,0.04677009582519531,
or_tree,1024,sbc,z3,smt,SAT,2,0.05584907531738281,
or_tree,1024,sbc,z3,smt,SAT,3,0.053618431091308594,
or_tree,1024,sbc,cvc5,smt,SAT,1,0.41030287742614746,
or_tree,1024,sbc,cvc5,smt,SAT,2,0.40836453437805176,
or_tree,1024,sbc,cvc5,smt,SAT,3,0.5213475227355957,
or_tree,1024,sbc_half,gecode,minizinc,SAT,1,0.2049119472503662,0.000647747
or_tree,1024,sbc_half,gecode,minizinc,SAT,2,0.20729494094848633,0.00106346
or_tree,1024,sbc_half,gecode,minizinc,SAT,3,0.2164778709411621,0.000719871
or_tree,1024,sbc_half,chuffed,minizinc,SAT,1,0.2105095386505127,0.001
or_tree,1024,sbc_half,chuffed,minizinc,SAT,2,0.22429227828979492,0.001
or_tree,1024,sbc_half,chuffed,minizinc,SAT,3,0.21149492263793945,0.001
or_tree,1024,sbc_half,z3,smt,SAT,1,0.05467057228088379,
or_tree,1024,sbc_half,z3,smt,SAT,2,0.049490928649902344,
or_tree,1024,sbc_half,z3,smt,SAT,3,0.04519939422607422,
or_tree,1024,sbc_half,cvc5,smt,SAT,1,0.2915921211242676,
or_tree,1024,sbc_half,cvc5,smt,SAT,2,0.26522254943847656,
or_tree,1024,sbc_half,cvc5,smt,SAT,3,0.2702031135559082,
or_tree,2048,base,gecode,minizinc,SAT,1,0.30263519287109375,0.00267926
or_tree,2048,base,gecode,minizinc,SAT,2,0.2771415710449219,0.0028251
or_tree,2048,base,gecode,minizinc,SAT,3,0.28568220138549805,0.00278183
or_tree,2048,base,chuffed,minizinc,SAT,1,0.2977182865142822,0.003
or_tree,2048,base,chuffed,minizinc,SAT,2,0.28943490982055664,0.003
or_tree,2048,base,chuffed,minizinc,SAT,3,0.3015429973602295,0.003
or_tree,2048,base,z3,smt,SAT,1,0.11658024787902832,
or_tree,2048,base,z3,smt,SAT,2,0.11837363243103027,
or_tree,2048,base,z3,smt,SAT,3,0.12167811393737793,
or_tree,2048,base,cvc5,smt,SAT,1,1.75770902633667,
or_tree,2048,base,cvc5,smt,SAT,2,1.7109458446502686,
or_tree,2048,base,cvc5,smt,SAT,3,1.6743860244750977,
or_tree,2048,sbc,gecode,minizinc,SAT,1,0.3046755790710449,0.00300096
or_tree,2048,sbc,gecode,minizinc,SAT,2,0.29519224166870117,0.00281818
or_tree,2048,sbc,gecode,minizinc,SAT,3,0.31766414642333984,0.00284114
or_tree,2048,sbc,chuffed,minizinc,SAT,1,0.2943902015686035,0.003
or_tree,2048,sbc,chuffed,minizinc,SAT,2,0.2992675304412842,0.003
or_tree,2048,sbc,chuffed,minizinc,SAT,3,0.29796767234802246,0.002
or_tree,2048,sbc,z3,smt,SAT,1,0.11110949516296387,
or_tree,2048,sbc,z3,smt,SAT,2,0.09232354164123535,
or_tree,2048,sbc,z3,smt,SAT,3,0.09686446189880371,
or_tree,2048,sbc,cvc5,smt,SAT,1,1.5571966171264648,
or_tree,2048,sbc,cvc5,smt,SAT,2,1.489048957824707,
or_tree,2048,sbc,cvc5,smt,SAT,3,1.512727975845337,
or_tree,2048,sbc_half,gecode,minizinc,SAT,1,0.2727165222167969,0.00175798
or_tree,2048,sbc_half,gecode,minizinc,SAT,2,0.2743344306945801,0.00119174
or_tree,2048,sbc_half,gecode,minizinc,SAT,3,0.27174806594848633,0.0013296
or_tree,2048,sbc_half,chuffed,minizinc,SAT,1,0.2862093448638916,0.001
or_tree,2048,sbc_half,chuffed,minizinc,SAT,2,0.26212143898010254,0.001
or_tree,2048,sbc_half,chuffed,minizinc,SAT,3,0.2671988010406494,0.001
or_tree,2048,sbc_half,z3,smt,SAT,1,0.07782483100891113,
or_tree,2048,sbc_half,z3,smt,SAT,2,0.07948827743530273,
or_tree,2048,sbc_half,z3,smt,SAT,3,0.08066034317016602,
or_tree,2048,sbc_half,cvc5,smt,SAT,1,0.778602123260498,
or_tree,2048,sbc_half,cvc5,smt,SAT,2,0.7737395763397217,
or_tree,2048,sbc_half,cvc5,smt,SAT,3,0.7826454639434814,
or_tree,4096,base,gecode,minizinc,SAT,1,0.46160340309143066,0.00591236
or_tree,4096,base,gecode,minizinc,SAT,2,0.474811315536499,0.00791201
or_tree,4096,base,gecode,minizinc,SAT,3,0.4614548683166504,0.00742715
or_tree,4096,base,chuffed,minizinc,SAT,1,0.4683058261871338,0.005
or_tree,4096,base,chuffed,minizinc,SAT,2,0.45577001571655273,0.005
or_tree,4096,base,chuffed,minizinc,SAT,3,0.4548029899597168,0.009
or_tree,4096,base,z3,smt,SAT,1,0.27776098251342773,
or_tree,4096,base,z3,smt,SAT,2,0.2807650566101074,
or_tree,4096,base,z3,smt,SAT,3,0.28209400177001953,
or_tree,4096,base,cvc5,smt,SAT,1,4.5577712059021,
or_tree,4096,base,cvc5,smt,SAT,2,4.569170713424683,
or_tree,4096,base,cvc5,smt,SAT,3,4.572081565856934,
or_tree,4096,sbc,gecode,minizinc,SAT,1,0.45491814613342285,0.00768301
or_tree,4096,sbc,gecode,minizinc,SAT,2,0.44931745529174805,0.0108668
or_tree,4096,sbc,gecode,minizinc,SAT,3,0.46210479736328125,0.00546843
or_tree,4096,sbc,chuffed,minizinc,SAT,1,0.491560697555542,0.006
or_tree,4096,sbc,chuffed,minizinc,SAT,2,0.46329569816589355,0.006
or_tree,4096,sbc,chuffed,minizinc,SAT,3,0.4675405025482178,0.005
or_tree,4096,sbc,z3,smt,SAT,1,0.18094539642333984,
or_tree,4096,sbc,z3,smt,SAT,2,0.18673110008239746,
or_tree,4096,sbc,z3,smt,SAT,3,0.19492077827453613,
or_tree,4096,sbc,cvc5,smt,SAT,1,3.968350887298584,
or_tree,4096,sbc,cvc5,smt,SAT,2,3.9465785026550293,
or_tree,4096,sbc,cvc5,smt,SAT,3,3.997760534286499,
or_tree,4096,sbc_half,gecode,minizinc,SAT,1,0.4047102928161621,0.00261527
or_tree,4096,sbc_half,gecode,minizinc,SAT,2,0.3789713382720947,0.00270645
or_tree,4096,sbc_half,gecode,minizinc,SAT,3,0.37610673904418945,0.00286733
or_tree,4096,sbc_half,chuffed,minizinc,SAT,1,0.40340566635131836,0.004
or_tree,4096,sbc_half,chuffed,minizinc,SAT,2,0.43004417419433594,0.003
or_tree,4096,sbc_half,chuffed,minizinc,SAT,3,0.40561461448669434,0.005
or_tree,4096,sbc_half,z3,smt,SAT,1,0.15890169143676758,
or_tree,4096,sbc_half,z3,smt,SAT,2,0.16709136962890625,
or_tree,4096,sbc_half,z3,smt,SAT,3,0.16222476959228516,
or_tree,4096,sbc_half,cvc5,smt,SAT,1,2.021106004714966,
or_tree,4096,sbc_half,cvc5,smt,SAT,2,1.9459338188171387,
or_tree,4096,sbc_half,cvc5,smt,SAT,3,2.012251853942871,
